dataset,smiles,sim_original,sim_extra,nearest_extra
novartis,Brc1ccc(C2CN3C=CSC3=[NH+]2)cc1,0.29545454545454547,0.3,N[C@@H]1C[C@H]1c1ccc(Br)cc1
novartis,C/C(=C\c1cc(C)ccn1)[C@@H]1C[C@@H]2O[C@]2(C)CCC[C@H](C)[C@H](O)[C@@H](C)C(=O)C(C)(C)[C@@H](O)CC(=O)O1,0.2,0.1978021978021978,CC(C)=CCN1CC[C@@]2(C)c3cc(O)ccc3C[C@@H]1[C@H]2C
novartis,C/C(=C\c1ccc(C)cn1)[C@@H]1C[C@@H]2O[C@]2(C)CCC[C@H](C)[C@H](O)[C@@H](C)C(=O)C(C)(C)[C@@H](O)CC(=O)O1,0.19753086419753085,0.18681318681318682,CC(C)=CCN1CC[C@@]2(C)c3cc(O)ccc3C[C@@H]1[C@H]2C
novartis,C/C(=C\c1cccc(C)n1)[C@@H]1C[C@@H]2O[C@]2(C)CCC[C@H](C)[C@H](O)[C@@H](C)C(=O)C(C)(C)[C@@H](O)CC(=O)O1,0.2463768115942029,0.19047619047619047,NC1=Nc2c(F)cccc2[C@H]2CCC[C@@]12F
novartis,C/C(=C\c1ccccn1)[C@@H]1C[C@@H]2O[C@]2(C)CCC[C@H](C)[C@H](O)[C@@H](C)C(=O)C(C)(C)[C@@H](O)CC(=O)O1,0.23255813953488372,0.21008403361344538,CO[C@@H]1[C@@H](OC(=O)c2ccc(C)[nH]2)[C@@H](O)[C@H](Oc2ccc3c(N4CCN(c5ccccn5)CC4)cc(=O)oc3c2C)OC1(C)C
novartis,C1=C(c2ccc3ccccc3c2)N2CC[NH+]=C2c2ccccc21,0.2608695652173913,0.2833333333333333,CN1CCN(c2cc(-c3ccc4ccccc4c3)nc3ccccc23)CC1
novartis,C1=C(c2cccc3ccccc23)N2CC[NH+]=C2c2ccccc21,0.3137254901960784,0.2727272727272727,O/N=C/c1nc(-c2cccc3ccccc23)no1
novartis,C1=C(c2ccccc2)N2CC[NH+]=C2c2ccccc21,0.2894736842105263,0.2653061224489796,CN1CCN=C(c2ccccc2)c2ccccc21
novartis,C1=CN2CC(c3ccccc3)[NH+]=C2S1,0.2702702702702703,0.2857142857142857,c1ccc([C@@H]2CN3CCC2CC3)cc1
novartis,C=CC(=O)N1CCC[C@@H](n2nc(-c3ccc(Oc4ccccc4)cc3)c3c(N)ncnc32)C1,0.2602739726027397,0.31683168316831684,CC(=O)N1CCN([C@H]2C[C@@H](n3cc(-c4cccc(OCC56CCC(CC5)O6)c4)c4c(N)ncnc43)C2)CC1
novartis,C=CC(=O)Nc1cccc(Nc2nc(Nc3ccc(OCCOC)cc3)ncc2F)c1,0.2857142857142857,0.45161290322580644,Fc1cnc(Nc2cccc(Br)c2)nc1Nc1cccc(Br)c1
novartis,C=CCNc1ccc2c(c1)c(-c1ccc(C(C)C)cc1)nc(=O)n2C(C)C,0.2777777777777778,0.23529411764705882,Cc1ccc(C(=O)NC(=N)Nc2ccc(C(C)C)cc2)cc1
novartis,CC#CCn1c(N2CC[NH2+]CC2)c(C#N)c2ncn(CC(=O)c3cccc(OC)c3)c(=O)c21,0.3225806451612903,0.32967032967032966,COc1cccc(C(=O)NCCN2CCN(c3ncccc3C#N)CC2)c1
novartis,CC(=C(C#N)C#N)c1ccc2cc(N(C)CCF)ccc2c1,0.28888888888888886,0.2459016393442623,CC(=O)Nc1ccc2nc(N(C)CCN(C)C)ccc2c1
novartis,CC(=O)N1CCC(CNc2nc3c(s2)CCCc2ccc(F)cc2-3)CC1,0.2988505747126437,0.2988505747126437,CC(=O)N1CCN(CCC[C@@]2(c3ccccc3)CC(c3cc(F)ccc3F)=NN2C(C)=O)CC1
novartis,CC(=O)N1CCN(c2ccc(OCc3cc4cnc(C#N)nc4n3CCC3CCC(F)(F)CC3)cc2)CC1,0.3,0.3300970873786408,CC(=O)N1CCN(c2ccc(OCC3COC(Cn4ccnc4)(c4ccc(Cl)cc4Cl)O3)cc2)CC1
novartis,CC(=O)N1CCN(c2ccc(OCc3cc4cnc(C#N)nc4n3CCC3CCCCC3)cc2)CC1,0.27472527472527475,0.33,CC(=O)N1CCN(c2ccc(OCC3COC(Cn4ccnc4)(c4ccc(Cl)cc4Cl)O3)cc2)CC1
novartis,CC(=O)Nc1cc(Cl)ccc1/C=C/C(=O)N1CC[NH+](Cc2ccc(F)cc2)C[C@H]1C,0.3037974683544304,0.25,CC(C)N1CCC(C(=O)Nc2cccc(OCc3ccc(F)cc3)c2)CC1
novartis,CC(=O)Nc1ccc(Nc2ncnc3c2c(-c2ccccc2)cn3-c2ccccc2)cc1,0.38596491228070173,0.375,CC(=O)Nc1ccccc1
novartis,CC(=O)Nc1cccc(Nc2nc(Nc3ccccc3)n3ncc(C#N)c3n2)c1,0.43333333333333335,0.34615384615384615,CC(=O)Nc1ccccc1
novartis,CC(=O)Nc1cccc2c1c(Sc1ccc(Cl)cc1)c(C)n2CC(=O)[O-],0.32727272727272727,0.26153846153846155,O=C([O-])Cc1ccccc1Nc1c(Cl)cccc1Cl.[Na+]
novartis,CC(=O)n1cc(C2=C([O-])CC(C)(C)CC2=O)c2ccccc21,0.3469387755102041,0.234375,Cn1cc(-c2noc(CN)n2)c2ccccc21
novartis,CC(C(=O)[O-])c1ccc2c(c1)C(=O)c1ccccc1CS2,0.46296296296296297,0.3448275862068966,CC(C(=O)O)c1ccc(N2Cc3ccccc3C2=O)cc1
novartis,CC(C(=O)[O-])c1ccc2c(c1)Cc1ccccc1-2,0.5384615384615384,0.4358974358974359,Nc1ccc2c(c1)Cc1ccccc1-2
novartis,CC(C)(C)Cn1c(CN2C(=O)CC3(CC[NH2+]CC3)C2=O)cc2cnc(C#N)nc21,0.2,0.22115384615384615,CO[C@H]1CN(CCn2c(=O)ccc3ccc(C#N)cc32)CC[C@@H]1NCc1cc2c(cn1)OCCO2
novartis,CC(C)(C)Cn1c(Cc2ccc(NS(N)(=O)=O)cc2)cc2cnc(C#N)nc21,0.22972972972972974,0.2535211267605634,O=S(=O)(Nc1ccc(Cc2c3ccccc3nc3ccccc23)cc1)c1ccccc1
novartis,CC(C)(C)OC(=O)N1CCC(C(=O)NS(=O)(=O)c2c(Cl)sc(Cl)c2Br)CC1,0.2247191011235955,0.2682926829268293,CCOc1ccc(-c2ccc(S(=O)(=O)N[C@@H](C(=O)O)C3CCN(C(=O)OC(C)C)CC3)s2)cc1
novartis,CC(C)(C)[NH2+]C[C@H](O)c1cc(Cl)c(N)c(Cl)c1,0.7631578947368421,0.45652173913043476,CC(C)(C)NCC(O)c1cc(Cl)c(N)c(C(F)(F)F)c1
novartis,CC(C)(C)c1ccc(S(=O)(=O)Nc2ccc(Cl)cc2C(=O)c2cc[n+]([O-])cc2)cc1,0.38028169014084506,0.32142857142857145,CC(C)(C)c1ccc(S(=O)(=O)CC(=O)O)cc1
novartis,CC(C)COC(=O)Nc1ccc(-c2cnc3c(-c4ccc(N5CC[NH+](C)CC5)cc4)cnn3c2N)cc1,0.2631578947368421,0.275,O=C(Nc1ccccc1)OCC(CN1CCCCC1)OC(=O)Nc1ccccc1
novartis,CC(C)Cn1cnc2c(N)nc3ccccc3c21,0.3902439024390244,0.34146341463414637,Nc1c2ccccc2nc2ccccc12
novartis,CC(C)N(CCCCOCC(=O)NS(C)(=O)=O)c1cnc(-c2ccccc2)c(-c2ccccc2)n1,0.3384615384615385,0.3333333333333333,CS(=O)(=O)NC(=O)CCCC[P+](c1ccccc1)(c1ccccc1)c1ccccc1.[Br-]
novartis,CC(C)N(CCCCOCC(=O)[O-])c1cnc(-c2ccccc2)c(-c2ccccc2)n1,0.32075471698113206,0.2638888888888889,CN(C)CCNC(=O)c1cccc2c1nc(-c1ccccc1)c1ccccc12
novartis,CC(C)Nc1nc(Nc2ccc(C(N)=O)cc2)c2sccc2n1,0.38181818181818183,0.3088235294117647,CS(=O)(=O)Nc1ccc(Nc2c3ccccc3nc3ccc(C(N)=O)cc23)cc1
novartis,CC(C)Oc1ccc(Cc2ccc(NC3=[NH+]CCN3)cc2)cc1,0.5,0.3673469387755102,c1cc(NC2=NCCN2)ccc1Cc1ccc(NC2=NCCN2)cc1
novartis,CC(C)[NH+](CCc1c(-c2ccccc2)nn2ccccc12)Cc1ccc(CCC(=O)N=O)cc1,0.375,0.25,O=C(O)CCc1ccccc1
novartis,CC(C)[NH+](CCc1c(C(C)(C)O)[nH]c2ccccc12)Cc1ccc(CCC(=O)N=O)cc1,0.5507246376811594,0.2727272727272727,CC(C)(C)c1[nH]c2ccccc2c1C1CCCN(Cc2ccc(/C=C/C(=O)NO)cc2)C1
novartis,CC(C)[NH+](CCc1c[nH]c2ccccc12)Cc1ccc(CCC(=O)N=O)cc1,0.7192982456140351,0.39655172413793105,N[C@@H](Cc1c[nH]c2ccccc12)C(=O)O
novartis,CC(C)n1c(/C=C/[C@H](O)C[C@H](O)CC(=O)[O-])c(-c2ccc(F)cc2)c2ccccc21,1.0,0.9814814814814815,CC(C)n1c(/C=C/C(O)CC(O)CC(=O)[O-])c(-c2ccc(F)cc2)c2ccccc21.[Na+]
novartis,CC(NC(=O)c1ccccc1/N=C/c1c(O)ccc2ccccc12)c1ccccc1,0.33962264150943394,0.33962264150943394,O=C(O)c1c(O)ccc2ccccc12
novartis,CC(c1cc2ccccc2s1)N(O)C(N)=O,0.40476190476190477,0.35714285714285715,OB(O)c1cc2ccccc2s1
novartis,CC/C(=C(\c1ccccc1)c1ccc(/C=C/C(=O)[O-])cc1)c1ccccc1,0.5555555555555556,0.42857142857142855,CC/C(=C(\c1ccccc1)c1ccc(OCCN(C)C)cc1)c1ccccc1
novartis,CC1CCCN(C(=O)c2ccc(Nc3ccc(Cl)cc3)nc2)C1,0.2987012987012987,0.3484848484848485,CN1CC[C@H]2CCC[C@@H](NC(=O)c3ccc(Cl)cc3)[C@@H]2C1
novartis,CCC1(c2ccccc2)C(=O)NC(=O)N(C)C1=O,0.75,0.6176470588235294,CCC1(c2ccccc2)C(=O)NC(=O)NC1=O
novartis,CCC1CCCCN1C(=O)c1cnc(Nc2ccc(C)nc2)c(Cl)c1,0.2823529411764706,0.29333333333333333,CCOC(=O)N1CCC(Nc2cc(Cl)ccn2)CC1
novartis,CCCCC(=O)N1CCC(CNc2nc3c(s2)CCOc2ccc(F)cc2-3)CC1,0.25,0.25,CN(C(=O)N1CC(c2cc(F)ccc2F)=C[C@@]1(CO)c1ccccc1)C1CCN(CC2CC2)CC1
novartis,CCCCCCCCc1ccc(CCC([NH3+])(CO)CO)cc1,0.45714285714285713,0.425,CCCCc1ccc(CCC(C)(C)CN(C)C)cc1
novartis,CCCCC[C@H](O)CC[C@@H]1[C@H]2Cc3cccc(OCC(=O)[O-])c3C[C@H]2C[C@H]1O,0.3561643835616438,0.3561643835616438,CC(C)(C)NCC(O)COc1cccc2c1C[C@H](O)[C@H](O)C2
novartis,CCN(CC)c1ncnc2c1cnn2C,0.6764705882352942,0.2553191489361702,CCN(Cc1ccccc1)c1ncc(O)cn1
novartis,CCN(Cc1ccccc1)c1ccccc1,0.6956521739130435,0.5769230769230769,CCN(CC)Cc1ccccc1
novartis,CCN1c2ccc(C#N)cc2N=C(c2ccc(C(=O)[O-])c(F)c2)c2cc3c(cc21)C(C)(C)CCC3(C)C,0.2647058823529412,0.26436781609195403,N#Cc1ccc(S(=O)(=O)C2(F)CCN(CCc3ccc(F)cc3F)CC2)cc1
novartis,CCNC(=O)OC1CCN(c2nncc3cc(OC)c(OC)cc23)CC1,0.3333333333333333,0.3076923076923077,COc1cc2nc(N3CCCCC3)nc(NC3CCN(Cc4ccccc4)CC3)c2cc1OC
novartis,CCOC(=O)N1CCC(C)(C[NH+]2CCC3(CC2)CN(S(C)(=O)=O)c2ncccc23)CC1,0.3170731707317073,0.3291139240506329,CCOC(=O)N1CCC2(CC1)N=C(N)c1c(F)cccc1N2
novartis,CCOC(=O)c1c(C)cc2nc(COC(=O)NCCO)n(-c3ccccc3S(=O)(=O)NC)c(=O)c2c1C,0.25,0.2967032967032967,CCOC(=O)c1ccccc1S(=O)(=O)NC(=O)Nc1nc(Cl)cc(OC)n1
novartis,CCOCC(=O)N1CCC(CNc2nc3c(s2)CCOc2ccc(F)cc2-3)CC1,0.24752475247524752,0.24752475247524752,CCOc1cc(CN2CCC(NC(=O)c3cncc(C)c3)CC2)ccc1-c1ccc(F)cc1
novartis,CCOc1ccc2nc(S(N)(=O)=O)sc2c1,0.5121951219512195,0.4406779661016949,CCOc1ccc2nc(NC(=O)Cc3ccc(Cl)c(Cl)c3)sc2c1
novartis,CCS(=O)(=O)c1ccc(CC(=O)Nc2nc(-c3ccccc3)c(C(=O)c3ccccc3)s2)cc1,0.3442622950819672,0.4126984126984127,O=C(O)CSCC(=O)Nc1nc(-c2ccccc2)c(-c2ccccc2)s1
novartis,CC[C@H](C(=O)NO)[C@H](C(=O)N1CCCC[C@H]1C(=O)NC)c1ccc(Cl)cc1,0.2777777777777778,0.32051282051282054,CN[C@H](Cc1ccccc1)C(=O)N1CCC[C@H]1C(=O)NC[C@H]1CC[C@H](N)CC1
novartis,CCc1cc(Br)ccc1S(=O)(=O)NCc1ccccc1,0.575,0.35,CCNCc1ccccc1
novartis,CCc1ccc(-c2cn3c([nH+]2)SCC3)cc1,0.28205128205128205,0.2558139534883721,CCc1ccc(CC(=O)O)cc1
novartis,CCc1ccc(-c2cnc(C)nc2NC2CCCC2)cc1,0.3125,0.2987012987012987,CCOc1cc(CN2CCC(NC(=O)c3cncc(C)c3)CC2)ccc1-c1ccc(F)cc1
novartis,CCc1ccc(/C=C2/SC(=S)[N-]C2=O)cc1,0.65,0.3469387755102041,COc1ccc(/C=C2/SC(=S)NC2=O)cc1
novartis,CCc1ccccc1N(CC)C(=O)C1CCN(c2ncnc3c2nc2n3CCCCC2)CC1,0.24742268041237114,0.2553191489361702,O=C(CCS(=O)(=O)c1ccc2cc(Cl)ccc2c1)N1CCC(c2cnc3n2CCCC3)CC1
novartis,CCc1ncnc(NC(CC)c2ccc(Oc3ccc(F)cc3)cc2)c1Br,0.23376623376623376,0.2545454545454545,CCCC[C@H](N)c1ccc(F)cc1
novartis,CN(CCO)c1cc2c(=O)n(NS(C)(=O)=O)c(=O)[nH]c2cc1C(F)(F)F,0.46551724137931033,0.22666666666666666,CN(C)Cc1cc(NS(C)(=O)=O)ccc1Oc1ccc(C(F)(F)F)cc1
novartis,CN(n1c(=O)[nH]c2cc(Cl)ccc2c1=O)S(C)(=O)=O,0.5869565217391305,0.4222222222222222,O=c1cc(O)c2ccc(Cl)cc2[nH]1
novartis,CN1C(=O)Cn2cc(C(=O)NCc3ccc(Cl)cc3)c(=O)c3cc(C[NH+]4CCOCC4)cc1c32,0.36619718309859156,0.36666666666666664,CCCCn1cc(C(=O)NCc2ccccc2)c(=O)c2cc(F)c(N3CCOCC3)cc21
novartis,CN1C(=O)N(C[C@H](C(=O)NO)[C@@H](CC2CCCC2)C(=O)N2CCCCC2)C(=O)C1(C)C,0.26666666666666666,0.24561403508771928,CN[C@H](C)CC1CCCCC1
novartis,CN1c2ccc(C#N)cc2N=C(c2ccc(C(=O)[O-])c(F)c2)c2cc3c(cc21)C(C)(C)CCC3(C)C,0.2727272727272727,0.25806451612903225,C[C@@]1(c2cc(NC(=O)c3ccc(C#N)cn3)ccc2F)CCOC(N)=N1
novartis,CN1c2ccc(C#N)cc2N=C(c2ccc(C(=O)[O-])cc2)c2cc3c(cc21)C(C)(C)CCC3(C)C,0.35714285714285715,0.25,N#Cc1ccc(C(=O)N2CCC3(CC2)N=C(N)c2c(F)ccc(F)c2N3)cc1
novartis,CNC(=O)c1c(NCC2CCC3(CCC3)CC2)nc(C#N)nc1OC1CC(C)(C)[NH2+]C(C)(C)C1,0.20202020202020202,0.19318181818181818,CNC(=O)c1cc(NCc2c(C)cccc2C)c2[nH]c(C)cc2n1
novartis,CNC(=O)c1c(NCC2CCC3(CCC3)CC2)nc(C#N)nc1OCC1CC[NH+](C)CC1,0.21875,0.1941747572815534,COc1ccnc(NCC2CCN(c3ccc(CC(NC(=O)c4c(C)cc(C)cc4C)C(=O)O)cc3)CC2)c1
novartis,CNC(=O)c1c(NCC2CCC3(CCC3)CC2)nc(C#N)nc1OCCC1CC[NH+](C)CC1,0.21686746987951808,0.22429906542056074,CN(C)C(=O)CN1CCC(CCOc2ccc(-c3cc4c(ncn4C)c(C#N)n3)cc2C(F)(F)F)CC1
novartis,CNC(=O)c1ccc(Oc2ccc3c(c2)CC[NH+](C2CCC2)CC3)nc1,0.42857142857142855,0.2894736842105263,O=C(N1CCOCC1)N1CCC(Oc2ccc3c(c2)CCN(C2CCC2)CC3)CC1
novartis,CNC(=O)c1ccccc1Nc1nc(Nc2ccc(N3CCOCC3)cc2OC)ncc1Cl,0.3431372549019608,0.45977011494252873,COc1cc(N2CC3COCC(C2)N3)ccc1Nc1ncc(Cl)c(-c2cnc3ccccn23)n1
novartis,CNC(=O)c1nc(-c2ccc(Cl)c(S(=O)(=O)Nc3cccc(F)c3C)c2)cnc1N,0.2631578947368421,0.2619047619047619,Cc1nc2ccccc2n1CC(=O)c1ccc(Cl)c(S(N)(=O)=O)c1
novartis,CNc1nc2ccccc2n(C)c1=O,0.5,0.40425531914893614,Cn1c([S@@](=O)Cc2ccccn2)nc2ccccc21
novartis,COC(=O)/C=C/C(=O)[O-],0.5,0.2692307692307692,COC(=O)CN
novartis,COC(=O)Cn1c(C[NH+]2CCC(Cc3ccccc3)CC2)nc2c1c(=O)n(C)c(=O)n2C,0.3614457831325301,0.3253012048192771,Cc1cn2c3c(=O)n(C)c(=O)n(C)c3nc2n1CCCN1CCN(c2ccccc2)CC1
novartis,COC(=O)c1ccc2[nH]cc(CN3CCCC4(CCN(c5nc(C)cc(C)n5)CC4)C3=O)c2c1,0.26804123711340205,0.26136363636363635,CN1CCN(c2nc(C3=C(c4c[nH]c5ccccc45)C(=O)NC3=O)c3ccccc3n2)CC1
novartis,COCc1nc2ccccc2n1Cc1ccc(C(C)(C)C)cc1,0.3541666666666667,0.3380281690140845,COc1ccc(CCN2CCC(Nc3nc4ccccc4n3Cc3ccc(F)cc3)CC2)cc1
novartis,COc1cc(C(C)=O)ccc1OCCC[NH+]1CCC(c2noc3cc(F)ccc23)CC1,0.32978723404255317,0.34065934065934067,Cc1nc2n(c(=O)c1CCN1CCC(c3noc4cc(F)ccc34)CC1)CCCC2
novartis,COc1cc(C(C)O)ccc1OCCC[NH+]1CCC(c2noc3cc(F)ccc23)CC1,0.3176470588235294,0.32608695652173914,Cc1nc2n(c(=O)c1CCN1CCC(c3noc4cc(F)ccc34)CC1)CCCC2
novartis,COc1cc(CN(CC(=O)NCc2ccccc2Cl)S(=O)(=O)c2ccc(CN3CC[NH+](C)CC3)cc2)ccc1OCC(C)C,0.29896907216494845,0.29473684210526313,COc1cc(N)c(Cl)cc1C(=O)NC1CCN(Cc2ccccc2)CC1
novartis,COc1cc(Nc2ccccc2C(=O)[O-])cc(OC)c1,0.5135135135135135,0.39215686274509803,COc1cc(Cl)c(Nc2ccccc2CC(=O)O)c(Cl)c1
novartis,COc1cc2c(cc1OC)CN(c1cc(N)c3cc(OC)c(OC)cc3[nH+]1)CC2,0.39285714285714285,0.33783783783783783,COc1cc2c(cc1OC)CN(c1nc(N3CCCN(C(=O)N4CC(O)C(O)C4)CC3)nc3cc(OC)c(OC)cc13)CC2
novartis,COc1ccc(-c2c(C)nc3c(-c4ccccn4)cnn3c2N)cc1,0.2962962962962963,0.3018867924528302,Oc1ccccc1-c1ccccn1
novartis,COc1ccc(-c2ccc(C(=O)Nc3ccc4c(c3)CCC(C[NH+](C)C)C4)cc2)cc1,0.3333333333333333,0.34545454545454546,COc1ccc(C(=O)NO)cc1
novartis,COc1ccc(-c2cnc3c(-c4cccc5ncccc45)cnn3c2)cc1,0.3333333333333333,0.34615384615384615,COc1ccc(-c2cnc(O)nc2)cc1
novartis,COc1ccc(-c2nc(Nc3ccc(F)cc3F)c3ccccc3n2)cc1OC,0.41509433962264153,0.417910447761194,COc1cc(NS(C)(=O)=O)ccc1Nc1c2ccccc2nc2ccc(F)cc12
novartis,COc1ccc(/C=C/C(=O)N2CCN(c3ccccn3)CC2)cc1,0.42857142857142855,0.4375,COc1ccc(/C=C/C(=O)O)cc1
novartis,COc1ccc(Br)c(C=O)c1O,0.4857142857142857,0.3333333333333333,COc1cccc(CN)c1O
novartis,COc1ccc(C#CC(C)(C)[NH3+])cc1C(=O)c1ccc(Nc2ccc(F)cc2F)cc1,0.30434782608695654,0.275,COc1cc(NS(C)(=O)=O)ccc1Nc1c2ccccc2nc2ccc(F)cc12
novartis,COc1ccc(C2=C([O-])c3ccccc3C2=O)cc1,0.5882352941176471,0.4594594594594595,COc1ccc(-c2ccccc2O)cc1
novartis,COc1ccc(CNC(=O)[C@@H](NC(=O)[C@H](Cc2ccc(OC)c(OC)c2)NC(=O)Cc2cccc(Oc3ccccc3)c2)C(C)C)c(O)c1,0.2916666666666667,0.32926829268292684,COc1ccc(O)c(/C=N/NC(=O)Cc2ccccc2)c1
novartis,COc1ccc(CNC(=O)c2c(C)nc3ccccn23)cc1,0.34545454545454546,0.36363636363636365,COc1ccc(CNC(=N)C(Cl)(Cl)Cl)cc1.Cl
novartis,COc1ccc(N)c2ccccc12,0.5384615384615384,0.5,COc1ccc(C(=O)O)c2ccccc12
novartis,COc1ccc(N2CCOCC2)c2sc(NC(=O)N3CCC(C)(O)CC3)nc12,0.2619047619047619,0.2857142857142857,COc1cc2nc(N3CCCN(C(=O)N4CCOCC4)CC3)nc(N)c2cc1-c1ccccn1
novartis,COc1ccc(N2CCc3c(-n4ccc(N5CCNC5=O)n4)cc(C)nc32)c(C)c1,0.2786885245901639,0.27380952380952384,COc1ccc(-n2nc(C(N)=O)c3c2C(=O)N(c2ccc(N4CCCCC4=O)cc2)CC3)cc1
novartis,COc1ccc(NS(=O)(=O)c2ccc(-n3cccn3)cc2)cc1OC,0.40384615384615385,0.3793103448275862,COc1ccc(S(=O)(=O)Nc2cccc([N+](=O)[O-])c2)cc1
novartis,COc1ccc(Nc2ccc3ccccc3n2)cc1,0.5641025641025641,0.39622641509433965,COc1ccc2nc3ccccc3c(Nc3ccc(NS(C)(=O)=O)cc3)c2c1
novartis,COc1ccc(OC)c(CNc2ccc3nc(N)nc(N)c3c2Cl)c1,0.3333333333333333,0.3448275862068966,COc1ccc(OC)c(C[C@@H](N)CO)c1
novartis,COc1ccc(OC)c(S(=O)(=O)N2CCC(CN3CC[NH+](Cc4ccc(F)cc4)CC3)CC2)c1,0.3246753246753247,0.27956989247311825,COc1cc(N)c(Cl)cc1C(=O)NC1CCN(CCCOc2ccc(F)cc2)CC1OC
novartis,COc1ccc(SC)c2c1C[C@@H]1[C@@H](C2)OCC[NH+]1C,0.29850746268656714,0.21621621621621623,COc1ccc(Cl)cc1NS(=O)(=O)c1ccc(OC)c2c1CC[C@@H](N(C)C)C2
novartis,COc1ccc(SCCc2ccncc2)cc1,0.4838709677419355,0.3783783783783784,CN(C)CCc1ccncc1
novartis,COc1ccc2[nH]cc(CN3CCCC4(CCN(c5nc(C)cc(C)n5)CC4)C3=O)c2c1,0.3787878787878788,0.3291139240506329,COc1ccc2[nH]cc(C3=CCN(Cc4ccccc4)CC3)c2c1
novartis,COc1ccc2c(c1)CN(C(=O)CC[NH+]1CCC(Cc3ccccc3)CC1)CCS2,0.32926829268292684,0.3068181818181818,CS(=O)(=O)Nc1ccc2c(C(=O)CN3CCC(Cc4ccccc4)CC3)c[nH]c2c1
novartis,COc1ccc2c(c1)C[NH+](C)CCS2,0.3488372093023256,0.2926829268292683,COc1ccc2cc(N)ccc2c1
novartis,COc1ccc2nccc(-n3cc4c(n3)CCC(NC(=O)c3ccc5c(c3)NC(=O)CS5)C4)c2n1,0.25,0.3577981651376147,COc1ccc2ncc(Cl)c(CC[C@H]3CC[C@H](NCc4ccc5c(n4)NC(=O)CS5)CN3)c2n1
novartis,COc1cccc(-c2cccc(CCC3(C)CC(=O)N(C)C(N)=[NH+]3)c2)c1,0.4090909090909091,0.36923076923076925,COc1cccc(-c2cccc(C3(C)COCC(N)=N3)c2)c1
novartis,COc1cccc(-c2cnc(N)c(-c3ccc(C(N)=O)cc3)c2)c1,0.3673469387755102,0.4032258064516129,COc1cccc(-c2cccc(C3(C)N=C(N)CN3C(C)=O)c2)c1
novartis,COc1cccc(-c2nnc3n(Cc4ccccc4Cl)c(=O)c4ccccc4n23)c1O,0.2857142857142857,0.3114754098360656,COc1cccc(CN)c1O
novartis,COc1cccc(C(=O)Cn2cnc3c(C#N)c(N4CC[NH2+]CC4)n(CC=C(C)C)c3c2=O)c1,0.3191489361702128,0.32608695652173914,COc1cccc(C(=O)NCCN2CCN(c3ncccc3C#N)CC2)c1
novartis,COc1cccc(OC)c1-c1ccc(C[C@H](NC(=O)c2c(Cl)cccc2Cl)C(=O)[O-])cc1,0.36507936507936506,0.4411764705882353,CNc1cccc(COCc2ccc(C[C@H](NC(=O)c3c(Cl)cccc3Cl)C(=O)O)cc2)n1
novartis,COc1cccc2[nH]cc(-c3ccnc(N)n3)c12,0.3404255319148936,0.32,COc1ccccc1-c1c[nH]nn1
novartis,COc1ccccc1S(=O)(=O)Nc1ccc2c(c1)CN(C)C(=O)N2,0.3508771929824561,0.31343283582089554,COc1cc(NS(C)(=O)=O)ccc1Nc1c2ccccc2nc2ccccc12
novartis,COc1ccnc(N2CCC3(CCCN(Cc4c[nH]c5ccccc45)C3=O)CC2)n1,0.2903225806451613,0.3170731707317073,CN1CCN(c2nc(C3=C(c4c[nH]c5ccccc45)C(=O)NC3=O)c3ccccc3n2)CC1
novartis,CS(=O)(=O)Nn1c(=O)[nH]c2cc(C(F)(F)F)c(N)cc2c1=O,0.5510204081632653,0.3287671232876712,COc1cc(NS(C)(=O)=O)ccc1Nc1c2ccccc2nc2cc(C(F)(F)F)c(N)cc12
novartis,CS(=O)(=O)Nn1c(=O)[nH]c2cc(C(F)(F)F)c(N3CCCOCC3)cc2c1=O,0.4426229508196721,0.2631578947368421,Nc1cc(C(F)(F)F)c(-c2cc(N3CCOCC3)nc(N3CCOCC3)n2)cn1
novartis,CS(=O)(=O)Nn1c(=O)[nH]c2cc(C(F)(F)F)c(N3CCOCC3)cc2c1=O,0.47368421052631576,0.2777777777777778,Nc1cc(C(F)(F)F)c(-c2cc(N3CCOCC3)nc(N3CCOCC3)n2)cn1
novartis,CS(=O)(=O)Nn1c(=O)[nH]c2cc(C(F)(F)F)ccc2c1=O,0.6666666666666666,0.3142857142857143,COc1cc(NS(C)(=O)=O)ccc1Nc1c2ccccc2nc2cc(C(F)(F)F)ccc12
novartis,CS(=O)(=O)c1ccc(-c2cnc(N)c(-c3ccc(C(F)(F)F)cc3)c2)cc1,0.3953488372093023,0.35714285714285715,CS(=O)(=O)c1ccc(N)cc1
novartis,CS(=O)(=O)c1ccc(-c2cnc(N)c(-c3ccc(C(F)(F)F)nc3)c2)cc1,0.3617021276595745,0.36585365853658536,CS(=O)(=O)c1ccc(N)cc1
novartis,CS(=O)(=O)c1ccc(-c2nc3c(c(=O)[nH]2)COCC3)cc1,0.29545454545454547,0.28888888888888886,CS(=O)(=O)c1ccc(N)cc1
novartis,CS(=O)(=O)c1ccc(C(=O)Nc2ccc(Cl)c(-c3ccccn3)c2)c(Cl)c1,0.38571428571428573,0.3108108108108108,Cc1cccc(NC(=O)c2nc(C)cc3c(-c4ccccn4)c[nH]c23)n1
novartis,C[C@@H](NC(=O)c1cc(C(=O)N[C@@H](Cc2ccccc2)[C@H](O)C[NH2+]C2CC2)cc(N(C)S(C)(=O)=O)c1)c1ccc(F)cc1,0.5316455696202531,0.375,CCCN(CCC)C(=O)c1cccc(C(=O)N[C@@H](Cc2ccccc2)[C@H](O)CNC2CC2)c1.Cl
novartis,C[C@H](C#Cc1ccc(Cc2ccc(F)cc2)s1)N(O)C(N)=O,0.22784810126582278,0.28,O=C(O)Cc1ccc(F)cc1
novartis,C[NH+](C)CC1CCc2cc(NC(=O)c3ccc(-c4ccc(F)cc4)cc3)ccc2C1,0.35443037974683544,0.3333333333333333,C/C(=N\c1ccc2c(c1)[C@@H](NC(=O)c1ccc(Br)cc1)[C@H](O)C2)Nc1ccc(F)cc1
novartis,C[NH+](C)CCSc1nc2ccccc2cc1-c1ccccc1,0.38181818181818183,0.3333333333333333,CN(C)CCSc1cc(-c2ccc3ccccc3c2)nc2ccccc12
novartis,C[NH+](CCC(=O)N1CCN(c2ccc(F)c(F)c2)CC1)CCC1c2ccccc2-c2ccccc21,0.2647058823529412,0.2608695652173913,CCCN1CCN(c2cccc(C(N)=O)c2)CC1
novartis,C[NH+](CCC(=O)N1CCN(c2ccc(F)c(F)c2)CC1)CCC1c2ccccc2Oc2ccccc21,0.2786885245901639,0.2535211267605634,CCCN1CCN(c2cccc(C(N)=O)c2)CC1
novartis,Cc1[nH]c2ccccc2c1C1CC[NH+](Cc2ccc(CCC(=O)N=O)cc2)C1,0.8947368421052632,0.379746835443038,Cc1[nH]c2ccccc2c1C1CCCN(Cc2ccc(/C=C/C(=O)NO)cc2)C1
novartis,Cc1[nH]c2ccccc2c1CC[NH+]1CCc2cc(CCC(=O)N=O)ccc2C1,0.5,0.3176470588235294,Cc1[nH]c2ccccc2c1CCN(Cc1ccc(/C=C/C(=O)NO)cc1)CC(F)F
novartis,Cc1[nH]c2ccccc2c1CC[NH2+]Cc1ccc(CCC(=O)N=O)cc1,0.6296296296296297,0.36486486486486486,Cc1[nH]c2ccccc2c1CCN(Cc1ccc(/C=C/C(=O)NO)cc1)CC(F)F
novartis,Cc1c(-c2ccccc2)c(=O)oc2cc(O)ccc12,0.5476190476190477,0.5185185185185185,O=C(O)/C=C/c1ccc(Cc2c(-c3ccccc3)c(=O)oc3cc(O)ccc23)cc1
novartis,Cc1c(CC(=O)[O-])c2cccnc2n1S(=O)(=O)c1ccc(Cl)cc1,0.38461538461538464,0.3076923076923077,O=S(=O)(Nc1ccccc1-c1nccc2ccccc12)c1ccc(Cl)cc1
novartis,Cc1cc(C(=O)C[NH+]2CCCC2)c(C)n1-c1ccc(F)cc1,0.38333333333333336,0.32786885245901637,Cc1ccc(N2CCN(CCNC(=O)c3ccc(F)cc3)CC2)cc1
novartis,Cc1cc(C)c2cc(C(=O)NC3CC[NH+](C)CC3)[nH]c2c1,0.33783783783783783,0.2597402597402597,Cc1ccc(C(=O)NC2CC2)cc1-n1cnc2ccc(N3CCN(C)CC3)cc2c1=O
novartis,Cc1cc(C)nc(N2CCC3(CCCC(=O)N3Cc3cccc4[nH]ccc34)CC2)n1,0.25882352941176473,0.2988505747126437,CS(=O)(=O)C1(c2cc(N3CCOCC3)nc(-c3cccc4[nH]ccc34)n2)CCNCC1
novartis,Cc1cc(C)nc(N2CCC3(CCCN(Cc4c[nH]c5ccccc45)C3=O)CC2)n1,0.3125,0.36,CN1CCN(c2nc(C3=C(c4c[nH]c5ccccc45)C(=O)NC3=O)c3ccccc3n2)CC1
novartis,Cc1cc(C)nc(N2CCC3(CCCN(Cc4ccccc4-c4nc(C)no4)C3=O)CC2)n1,0.2361111111111111,0.2608695652173913,Cc1noc(C2=CCCN(C)C2)n1
novartis,Cc1cc(C)nc(N2CCC3(CCCN(Cc4cn(C)c5ccccc45)C3=O)CC2)n1,0.2857142857142857,0.29577464788732394,CNCc1nc(-c2cn(C)c3ccccc23)no1
novartis,Cc1cc(C)nc(N2CCC3(CCCN(Cc4nn(C)cc4-c4ccccc4)C3=O)CC2)n1,0.25316455696202533,0.25675675675675674,CCOC(=O)C1(c2ccccc2)CCCN(C)CC1
novartis,Cc1cc(C)nc(N2CCC3(CCCN(Cc4nn(C)nc4-c4ccccc4)C3=O)CC2)n1,0.24050632911392406,0.2602739726027397,CCOC(=O)C1(c2ccccc2)CCCN(C)CC1
novartis,Cc1cc(N)nc2ccccc12,0.6428571428571429,0.5,Nc1c2ccccc2nc2ccccc12
novartis,Cc1cc(N2CCCC2)cc(/C=C/c2cccc(C(F)(F)F)c2)[nH+]1,0.37735849056603776,0.38461538461538464,O=C(O)/C=C/c1cccc(C(F)(F)F)c1
novartis,Cc1ccc(-c2cc(C(F)(F)F)nn2-c2ccc(S(N)(=O)=O)cc2)cc1,0.45,0.3387096774193548,CN1C=CC(C2NC(C(F)(F)F)=CN2c2ccc(S(N)(=O)=O)cc2)C=C1
novartis,Cc1ccc(-c2ccc3c(c2)C=C(C(=O)Nc2ccc(C[NH+](C)C4CCOCC4)cc2)CCC3)cc1,0.2676056338028169,0.25806451612903225,CN1Cc2ccc(-c3ccc(C[C@@H](C#N)NC(=O)C4(N)CCOCC4)cc3)cc2C1=O
novartis,Cc1ccc(-c2ncc(Cl)cc2-c2ccc(S(C)(=O)=O)cc2)cn1,0.30952380952380953,0.3389830508474576,CS(=O)(=O)c1ccc(-c2cnc(Br)n2-c2ccc(F)c(F)c2)cc1
novartis,Cc1ccc(C)c(CN2C(=O)CCCC23CCN(c2cnc4ccccc4n2)CC3)c1,0.27941176470588236,0.25,CN1CCN(c2ccc(-c3cnc4cccc(-c5cc(F)c(CN6CCS(=O)(=O)CC6)c(F)c5)c4n3)cn2)CC1
novartis,Cc1ccc(C)n1-c1ccc(C(=O)[O-])c(O)c1,0.5757575757575758,0.3783783783783784,Cc1ccc(C(=O)O)c(O)c1
novartis,Cc1ccc(C)n1-c1ccc(Cl)cc1C(=O)[O-],0.5882352941176471,0.3684210526315789,O=C(O)c1cc(Cl)ccc1O
novartis,Cc1ccc(C)n1-c1ccc(SCC(=O)[O-])cc1,0.6363636363636364,0.39473684210526316,CSc1ccc(SCC(=O)O)cc1
novartis,Cc1ccc(NC(=O)c2cccc(C(C)(C)C#N)c2)cc1Nc1ccc2ncn(C)c(=O)c2c1,0.2872340425531915,0.32558139534883723,Cc1ccc(C(=O)Nc2ccc(C)c(Nc3nccc(-c4cccnc4)n3)c2)cc1
novartis,Cc1ccc(NC(=O)c2ccccc2)cc1Nc1nccc(-c2cccnc2)n1,0.46296296296296297,0.8727272727272727,Cc1ccc(C(=O)Nc2ccc(C)c(Nc3nccc(-c4cccnc4)n3)c2)cc1
novartis,Cc1ccc(Nc2c(F)cccc2Cl)c(CC(=O)[O-])c1,0.6808510638297872,0.6666666666666666,O=C([O-])Cc1cc(F)ccc1Nc1c(Cl)cccc1Cl.[Na+]
novartis,Cc1ccc(Nc2ncc(C(=O)N3CCCCC3)cc2Cl)cn1,0.3466666666666667,0.3424657534246575,Cc1cnc(CNCC2(F)CCN(C(=O)c3ccc(F)c(Cl)c3)CC2)nc1
novartis,Cc1ccc(OC(C)(C)C(=O)N[C@@H](C)[C@@H](Cc2ccc(OCCF)cc2)c2cccc(C#N)c2)nc1,0.24752475247524752,0.2987012987012987,CC(C)NC[C@H](O)c1cccc(C#N)c1
novartis,Cc1ccc2c(=O)c3cccc(CC(=O)[O-])c3oc2c1C,0.4318181818181818,0.3793103448275862,CC(=O)/C(C)=N/OCc1cc(=O)oc2c(C)c(C)ccc12
novartis,Cc1ccc2c(c1)C(=O)C(=O)N2,0.5357142857142857,0.34285714285714286,O=C1Nc2c(Cl)cccc2C1=O
novartis,Cc1ccc2nc(N)ccc2c1,0.6296296296296297,0.42857142857142855,Cc1ccc2nc(N)nc(O)c2c1
novartis,Cc1cccc(C)c1C(=O)N1CCC(C)([NH+]2CCC(N(c3ccccc3)c3ccccc3)CC2)CC1,0.34545454545454546,0.4794520547945205,Cc1cc[n+]([O-])c(C)c1C(=O)N1CCC(C)(N2CCC(N(c3ccccc3)c3cccnc3)CC2)CC1
novartis,Cc1ccnc(N2CCC3(CCCN(Cc4c[nH]c5ccccc45)C3=O)CC2)n1,0.3,0.3291139240506329,CN1CCN(c2nc(C3=C(c4c[nH]c5ccccc45)C(=O)NC3=O)c3ccccc3n2)CC1
novartis,Cc1csc2ccc3[nH]c4c(c3c12)C[NH+](C)CC4,0.23636363636363636,0.18518518518518517,O=C(O)c1cc2sccc2[nH]1
novartis,Cc1csc2ncnc(NCCc3ccc(Cl)cc3)c12,0.3181818181818182,0.35185185185185186,Clc1ccc(CNc2ncnc3ccccc23)cc1
novartis,Cc1nc(-c2ccc(OCC(C)C)c(C#N)c2)sc1C(=O)[O-],0.3373493975903614,0.3373493975903614,Cc1c(-c2nnc(-c3ccc(OC(C)C)c(C#N)c3)s2)ccc2c1CCN(C(CO)CO)C2
novartis,Cc1nc(-n2ccc([O-])cc2=O)sc1C(=O)NCc1ccccc1,0.3220338983050847,0.3125,Cc1cc(C(=O)NNCc2ccccc2)no1
novartis,Cc1nc(C#Cc2ccnc(Cl)c2)c(C)n1-c1ccc(F)cc1,0.22916666666666666,0.23076923076923078,CNc1nccc(Cl)n1
novartis,Cc1nc(C(=O)[O-])ccc1N(C)Cc1cccc(Cl)c1,0.41304347826086957,0.375,O=C(O)Cc1cccc(Cl)c1
novartis,Cc1nc(N2CCN(CC3CC3)C2=O)sc1C(=O)NCc1cccnc1,0.410958904109589,0.3114754098360656,CNCc1cccnc1
novartis,Cc1nc(N2CCN(Cc3ccccc3)C2=O)sc1C(=O)NCc1ccccn1,0.39655172413793105,0.3698630136986301,O=C(NCc1ccccn1)C1=CCCC1C(=O)N1CCCC1
novartis,Cc1nc2cccc(C(F)(F)F)c2c(=O)n1-c1ccc(OC2CC[NH+](C3CCC3)CC2)cc1,0.3448275862068966,0.2753623188405797,Cc1ccccc1-n1c(C)nc2ccccc2c1=O
novartis,Cc1nc2ccccn2c1C(=O)NCc1ccc(-c2ccccc2)cc1,0.3333333333333333,0.3392857142857143,O=c1cc(-c2ccc(O)cc2)nc2ccccn12
novartis,Cc1nc2ccccn2c1C(=O)NCc1ccc(Cl)cc1,0.3018867924528302,0.3283582089552239,CN(C)CCNC(=O)c1cccc2c1nc(-c1ccc(Cl)cc1)c1ccccc12
novartis,Cc1nc[n+]([O-])c(C)c1C(=O)N1CCC(C)([NH+]2CCC(N(c3ccccc3)c3ccccc3)CC2)CC1,0.31746031746031744,0.5,Cc1cc[n+]([O-])c(C)c1C(=O)N1CCC(C)(N2CCC(N(c3ccccc3)c3cccnc3)CC2)CC1
novartis,Cc1ncc(-c2ccc(C(F)(F)F)cc2)c(NC2C3CC4CC(C3)CC2C4)n1,0.24074074074074073,0.3048780487804878,CCOc1cc(CN2CCC(NC(=O)c3cncc(C)c3)CC2)ccc1-c1ccc(C(F)(F)F)cc1
novartis,Cc1ncc(-c2ccc(C(F)(F)F)cc2)c(NC2CCCCCC2)n1,0.32,0.34615384615384615,CCOc1cc(CN2CCC(NC(=O)c3cncc(C)c3)CC2)ccc1-c1ccc(C(F)(F)F)cc1
novartis,Cc1ncccc1Oc1ncnc(OC2CCN(C(=O)OC(C)C)CC2)c1C,0.2692307692307692,0.3170731707317073,CCOc1ccc(-c2ccc(S(=O)(=O)N[C@@H](C(=O)O)C3CCN(C(=O)OC(C)C)CC3)s2)cc1
novartis,Cc1onc(-c2ccccc2)c1-c1ccc(S(N)(=O)=O)cc1,0.6122448979591837,0.34,NS(=O)(=O)c1ccc(Nc2c3ccccc3nc3ccccc23)cc1
novartis,Clc1ccc(-c2ccc(-c3ccnc(N4CC[NH2+]CC4)n3)s2)cc1,0.265625,0.2597402597402597,O=c1c2sc(-c3ccc(Cl)cc3)cc2ncn1-c1ccc2sc(CN3CCCCC3)cc2c1
novartis,Clc1ccc(OCc2nn[n-]n2)c(C2CCCCC2)c1,0.3559322033898305,0.2857142857142857,NC1=Nc2ccc(Cl)cc2[C@H]2CCC[C@@H]12
novartis,Clc1ccc2c(c1)[NH+]=C(N1CCCCC1)c1ccccc1N2,0.40350877192982454,0.43636363636363634,Clc1ccc2c(c1)N=C(N1CCNCC1)c1ccccc1N2
novartis,Cn1c(-c2ccc(C[NH+](C)C)cc2)cc2onc(-c3ccccc3)c2c1=O,0.34782608695652173,0.2987012987012987,O=C(O)C1CN(Cc2ccc(-c3noc(-c4onc(-c5ccccc5)c4C(F)(F)F)n3)cc2)C1
novartis,Cn1c(=O)n(NS(C)(=O)=O)c(=O)c2ccc(Cl)cc21,0.5652173913043478,0.3050847457627119,CS(=O)(=O)Nc1ccc(Nc2c3ccccc3nc3cc(Cl)ccc23)cc1
novartis,Cn1c(N)nc2ccccc2c1=O,0.5135135135135135,0.5277777777777778,Cn1c(N)nc2ccn(C)c2c1=O
novartis,Cn1cc(C(=O)[O-])c(=O)c2ccccc21,0.45,0.358974358974359,Cn1ccc(=N)c2ccccc21
novartis,Fc1ccc([C@H]2CC[NH2+]C[C@@H]2COc2ccc3c(c2)OCO3)cc1,1.0,0.6727272727272727,Fc1ccc([C@@H]2CCNC[C@H]2COc2ccc3c(c2)OCO3)cc1
novartis,Fc1ccc2c(/C=C/c3cccnc3)c[nH]c2c1,0.3488372093023256,0.391304347826087,O=C(O)/C=C/c1cccnc1
novartis,Fc1ccc2c(/C=C/c3nn[n-]n3)c[nH]c2c1,0.29310344827586204,0.3191489361702128,Oc1n[nH]c2cc(F)ccc12
novartis,Fc1cccc(-c2c[nH]c3ncccc23)c1,0.3953488372093023,0.42857142857142855,Fc1cccc(-c2c[nH]nn2)c1
novartis,Fc1ccccc1C1=Cc2ccccc2C2=[NH+]CCN12,0.2653061224489796,0.24489795918367346,CN1CCC(=C2c3ccccc3C=Cc3ccccc32)CC1
novartis,Ic1cccc(-c2nn[n-]n2)c1,0.6363636363636364,0.3333333333333333,O=C(O)c1cccc(I)c1
novartis,N#Cc1c(-c2ccc(Cl)cc2)nc(SCC(=O)Nc2ccc(Cl)cc2)[nH]c1=O,0.3150684931506849,0.2638888888888889,O=C(CN1CCCCC1)Nc1nc(-c2ccc(Cl)cc2)cs1
novartis,N#Cc1c(-c2ccccc2)nc(SCc2ccccc2)[nH]c1=O,0.45652173913043476,0.44680851063829785,c1ccc(CSc2nc3ccccc3[nH]2)cc1
novartis,N#Cc1cc(C[NH+]2CCC(Nc3ncnc4sc(Cl)cc34)CC2)ccc1F,0.3493975903614458,0.25274725274725274,COc1cc2ncnc(Nc3cc(Cl)ccc3F)c2cc1OCC1CCN(C)CC1
novartis,N#Cc1ccc2[nH]cc(-c3ccnc(N)n3)c2c1,0.3333333333333333,0.30434782608695654,N#Cc1ccc(N)nc1
novartis,N#Cc1ccc2ccn(-c3ccnc(N)n3)c2c1,0.3170731707317073,0.3181818181818182,N#Cc1ccc(N)nc1
novartis,N#Cc1cccc(Nc2ccccc2C(=O)[O-])c1,0.5,0.4375,O=C(O)c1ccccc1Nc1cccc(C(F)(F)F)c1
novartis,N#Cc1cnc(NC(=O)Nc2ccc(Cl)c(Cl)c2)s1,0.3333333333333333,0.2982456140350877,O=C(O)Cc1ccccc1Nc1ccc(Cl)c(Cl)c1
novartis,N#Cc1csc(NC(=O)Nc2ccc(Cl)c(Cl)c2)n1,0.3333333333333333,0.2982456140350877,O=C(O)Cc1ccccc1Nc1ccc(Cl)c(Cl)c1
novartis,N#Cc1ncc2cc(COc3ccc(C(=O)[O-])cc3)n(CCC3CCCCC3)c2n1,0.3230769230769231,0.27710843373493976,CC1CCN(C(=O)c2ccc3cc(OCCC4CCCN4C)ccc3c2)CC1
novartis,N#Cc1ncc2cc(COc3cccc(CCC(=O)[O-])c3)n(CCC3CCCCC3)c2n1,0.35714285714285715,0.27956989247311825,COc1cc(COc2cccc(NC(=O)C3CCN(c4ccncc4)CC3)c2)cc(OC)c1
novartis,NC(=O)c1ccc(-c2cc(-c3ccccc3)cnc2N)cc1,0.34782608695652173,0.46938775510204084,O=C(O)c1ccc(-c2c[nH]c3ncc(-c4ccccc4)cc23)cc1
novartis,NC(=O)c1cccc(-c2cc(Nc3ccc(OC(F)(F)F)cc3)ncn2)c1,0.3246753246753247,0.5,O=C(Nc1ccc(OC(F)(F)F)cc1)c1cccc(-c2cncnc2)c1
novartis,NC1=[NH+]c2ccccc2CC1,0.68,0.3333333333333333,Nc1ccc2c3c(cccc13)CC2
novartis,NS(=O)(=O)Oc1ccc2nc(C=C3C4CC5CC(C4)CC3C5)oc2c1,0.3620689655172414,0.22033898305084745,Nc1ccc(OS(=O)(=O)O)cc1Cl
novartis,Nc1ccc(-c2cc3ccccc3oc2=O)cc1,0.525,0.46153846153846156,O=C(O)c1cc2ccccc2oc1=O
novartis,Nc1ccc2ccccc2n1,0.52,0.52,Oc1ccc2ccccc2n1
novartis,Nc1cccc2c1C(=O)N(C1CCC(=O)NC1=O)C2=O,0.3269230769230769,0.3333333333333333,Nc1cccc2c1-c1ccccc1C2
novartis,Nc1n[nH]c2cc(Br)ccc12,0.5172413793103449,0.37142857142857144,Oc1n[nH]c2cc(F)ccc12
novartis,Nc1nc(-c2ccccc2)cc2ccccc12,0.45161290322580644,0.5517241379310345,Nc1nc(-c2ccccc2)cc(-c2ccccc2)n1
novartis,Nc1nc(-c2ccccn2)nc(N)c1Cc1ccc(Cl)cc1Cl,0.4090909090909091,0.3023255813953488,Nc1ccc(Cl)cc1Cl
novartis,Nc1nccc(N2CCc3ccc(Br)cc32)n1,0.325,0.3269230769230769,Nc1ccnc(N2CCc3ccccc3C2)c1
novartis,Nc1ncnc2ccc(-c3cccc(F)c3)nc12,0.38636363636363635,0.38636363636363635,Fc1cccc(-c2c[nH]nn2)c1
novartis,Nc1ncnc2ccc(-c3ccnc(F)c3)nc12,0.4,0.4,Fc1cc(-c2c[nH]nn2)ccn1
novartis,O=C(/C=C/c1ccc(Br)cc1)N1CC[NH+](Cc2ccccc2)CC1,0.38636363636363635,0.3333333333333333,O=C(O)/C=C/c1ccccc1
novartis,O=C(CSc1nccn1C1CCCC1)Nc1ccc(C(F)(F)F)cc1,0.3448275862068966,0.3064516129032258,N#C/C(=N\O)C(=O)Nc1ccc(C(F)(F)F)cc1
novartis,O=C(Cc1ccccc1)N1CCCC12CCN(c1cnc3ccccc3n1)CC2,0.27450980392156865,0.28846153846153844,Oc1cnc2ccccc2n1
novartis,O=C(NC(=O)c1ccccc1)c1ccccc1,0.6666666666666666,0.6666666666666666,N=C(N)NC(=O)c1ccccc1
novartis,O=C(NCC[NH+]1CCC(n2c(=O)[nH]c3cc(F)ccc32)CC1)c1ccc(F)cc1,0.5151515151515151,0.3698630136986301,O=c1[nH]c2ccccc2n1C1CCN(CCCC(c2ccc(F)cc2)c2ccc(F)cc2)CC1
novartis,O=C(NCc1ccc(Cl)cc1)c1cn2c(CCO)cc3cc(C[NH+]4CCOCC4)cc(c1=O)c32,0.36619718309859156,0.33695652173913043,CCCCn1cc(C(=O)NCc2ccccc2)c(=O)c2cc(F)c(N3CCOCC3)cc21
novartis,O=C(NO)C1c2ccccc2-c2ccccc21,0.5714285714285714,0.3333333333333333,O=C(NO)c1ccccc1O
novartis,O=C(NO)C1c2ccccc2Oc2ccccc21,0.6129032258064516,0.3055555555555556,O=C(NO)c1ccccc1O
novartis,O=C(Nc1ccc(Cl)cc1)NS(=O)(=O)c1ccc(Cl)cc1,0.5789473684210527,0.4864864864864865,Nc1ccc(NS(=O)(=O)c2ccc(Cl)cc2)cc1
novartis,O=C(Nc1ccc(F)c(Cl)c1)C1CCN(c2ncccn2)CC1,0.5833333333333334,0.45588235294117646,O=C(Nc1cccc(OCc2ccccc2F)c1)C1CCN(c2ccncc2)CC1
novartis,O=C(Nc1cccc(C(F)(F)F)c1)c1ccccc1NCc1ccncc1,0.3508771929824561,0.48148148148148145,O=C(O)c1ccccc1Nc1cccc(C(F)(F)F)c1
novartis,O=C(Nc1cccc(Cl)c1)c1ccc(Cl)cc1O,0.42105263157894735,0.4864864864864865,O=C(Nc1ccccc1)c1ccccc1O
novartis,O=C(Nc1cccc(Cl)c1)c1ccccc1O,0.4722222222222222,0.6666666666666666,O=C(Nc1ccccc1)c1ccccc1O
novartis,O=C(Nc1cccc2cnccc12)c1ccc(-c2ccccc2)cc1,0.43478260869565216,0.44680851063829785,O=C(O)c1ccccc1C(=O)Nc1cccc2ccccc12
novartis,O=C(Nc1ccccc1C(=O)[O-])c1ccc(-c2ccccc2)cc1,0.4722222222222222,0.4358974358974359,O=C(O)C(=O)CC(=O)c1ccc(-c2ccccc2)cc1
novartis,O=C(Nc1ccccc1C(=O)[O-])c1cccc(Oc2ccccc2)c1,0.6153846153846154,0.525,O=C(O)c1cccc(Oc2ccccc2)c1
novartis,O=C(Nc1nccs1)C(CC1CCCC1)c1ccc(Cl)cc1,0.4189189189189189,0.32051282051282054,Cc1c(Cl)cccc1-n1ncc(C(=O)Nc2nccs2)c1C1CCNCC1
novartis,O=C(Nc1nnc(-c2ccc(F)cc2)o1)c1ccc(Cl)s1,0.34782608695652173,0.2708333333333333,O=C(NO)c1ccc(F)cc1
novartis,O=C(Nc1nnc(-c2cccs2)o1)c1cccc(C(F)(F)F)c1,0.39215686274509803,0.4,O=C(O)c1cccc(C(F)(F)F)c1
novartis,O=C([O-])COc1ccc(Cl)cc1C1CCCCC1,0.43636363636363634,0.4222222222222222,O=C(O)COc1ccc(Cl)cc1Cl
novartis,O=C([O-])COc1ccc(Cl)cc1C1CCCCCC1,0.43636363636363634,0.4222222222222222,O=C(O)COc1ccc(Cl)cc1Cl
novartis,O=C([O-])COc1ccc2c(c1)Cc1ccccc1-2,0.5135135135135135,0.425,Nc1ccc2c(c1)Cc1ccccc1-2
novartis,O=C([O-])CSc1ncnc2cc(-c3ccc(Br)cc3)sc12,0.3269230769230769,0.296875,Cc1ccc(-c2cc3c(NCP(=O)(O)O)ncnc3s2)cc1
novartis,O=C([O-])c1ccc(-c2ccccc2)cc1,0.7142857142857143,0.5517241379310345,O=C(O)C(=O)CC(=O)c1ccc(-c2ccccc2)cc1
novartis,O=C([O-])c1ccc(-c2nc(-c3cccc(C(F)(F)F)c3)cs2)cc1,0.4888888888888889,0.39622641509433965,FC(F)(F)c1cccc(-c2c[nH]c(-c3ccccc3)n2)c1
novartis,O=C([O-])c1ccc(-c2nn(C(=O)c3c(Cl)cccc3Cl)c3ccccc23)cc1,0.3541666666666667,0.3111111111111111,O=C(O)c1c(Cl)cccc1Cl
novartis,O=C([O-])c1ccc(NC(=O)c2cn(-c3ccccc3)nc2-c2ccc(Cl)cc2)cc1,0.4339622641509434,0.3269230769230769,O=C(O)c1ccccc1C(=O)Nc1ccccc1
novartis,O=C([O-])c1ccc(NCc2cccc(Oc3ccccc3)c2)cn1,0.4375,0.3673469387755102,O=C(O)c1cccc(Oc2ccccc2)c1
novartis,O=C([O-])c1ccccc1Nc1cc(C(F)(F)F)cc(C(F)(F)F)c1,0.46511627906976744,0.5952380952380952,O=C(O)c1ccccc1Nc1cccc(C(F)(F)F)c1
novartis,O=C([O-])c1ccccc1Nc1cc(F)cc(C(F)(F)F)c1,0.425531914893617,0.5434782608695652,O=C(O)c1ccccc1Nc1cccc(C(F)(F)F)c1
novartis,O=C([O-])c1ccccc1Nc1ccc(CCc2ccc(Cl)c(Cl)c2)cc1,0.5102040816326531,0.46,O=C(O)Cc1ccccc1Nc1ccc(Cl)c(Cl)c1
novartis,O=C1CCCC2(CCN(c3cnc4ccccc4n3)CC2)N1Cc1c[nH]c2ccccc12,0.2923076923076923,0.3125,CN1CCN(c2nc(C3=C(c4c[nH]c5ccccc45)C(=O)NC3=O)c3ccccc3n2)CC1
novartis,O=C1CCCC2(CCN(c3cnc4ccccc4n3)CC2)N1Cc1ccccc1,0.2641509433962264,0.2894736842105263,c1ccc(CN2CCC(Nc3nc(N4CCN(c5ccccn5)CC4)nc4ccccc34)CC2)cc1
novartis,O=C1CCN(Cc2ccccc2)C(=O)N1,0.38235294117647056,0.45454545454545453,c1ccc(CN2CCCC2)cc1
novartis,O=C1CN(c2ccccc2)C(=O)N1,0.39473684210526316,0.34375,c1ccc(N2CCNCC2)cc1
novartis,O=C1CN=C(c2ccccc2)c2cc3ccccc3cc2N1,0.3125,0.6842105263157895,O=C1CN=C(c2ccccc2)c2ccccc2N1
novartis,O=C1N(Cc2c[nH]c3ccccc23)CCCC12CCN(c1cnc3ccccc3n1)CC2,0.30303030303030304,0.31645569620253167,CN1CCN(c2nc(C3=C(c4c[nH]c5ccccc45)C(=O)NC3=O)c3ccccc3n2)CC1
novartis,O=C1N(Cc2c[nH]c3ccccc23)CCCC12CCN(c1ncccn1)CC2,0.3275862068965517,0.3333333333333333,O=C(O)Cc1c[nH]c2ccccc12
novartis,O=C1N(Cc2cccc3[nH]ccc23)CCCC12CCN(c1cnc3ccccc3n1)CC2,0.2878787878787879,0.29213483146067415,CS(=O)(=O)C1(c2cc(N3CCOCC3)nc(-c3cccc4[nH]ccc34)n2)CCNCC1
novartis,O=C1N(Cc2ccccc2)CCCC12CCN(c1cnc3ccccc3n1)CC2,0.2692307692307692,0.29411764705882354,c1ccc(CN2CCCC2)cc1
novartis,O=C1NC(=O)C(c2c[nH]c3ccccc23)=C1c1nc(N2CCOCC2)nc2ccccc12,0.2542372881355932,0.7818181818181819,CN1CCN(c2nc(C3=C(c4c[nH]c5ccccc45)C(=O)NC3=O)c3ccccc3n2)CC1
novartis,O=C1c2ccccc2-[n+]2ccc3c([nH]c4ccccc43)c21,0.3584905660377358,0.2916666666666667,O=c1c2ccccc2[nH]c2ccc(Cl)cc12
novartis,O=Cc1cc(Br)cc(Br)c1O,0.5172413793103449,0.5625,O=Cc1cc(Br)cc([N+](=O)[O-])c1O
novartis,O=NC(=O)CCc1ccc(C[NH+]2CCC(c3c[nH]c4ccccc34)CC2)cc1,0.7894736842105263,0.37333333333333335,O=C(/C=C/c1ccc(CN2CCCC(c3c[nH]c4ccccc34)C2)cc1)NO
novartis,O=NC(=O)CCc1ccc(C[NH2+]CC23CC4CC(CC(C4)C2)C3)cc1,0.43859649122807015,0.29850746268656714,O=C(NCC12CC3CC(CC(C3)C1)C2)c1cc(CC2CCNCC2)ccc1Cl
novartis,O=S(=O)(Nc1cc(F)ccc1F)c1ccc2[nH]c3c(c2c1)CCCC3,0.352112676056338,0.2903225806451613,O=[N+]([O-])c1cccc(S(=O)(=O)Nc2ccc(F)cc2)c1
novartis,O=S(=O)(c1ccccc1)N(CC(F)(F)F)c1ccc(C(O)(C(F)(F)F)C(F)(F)F)cc1,0.2830188679245283,0.29411764705882354,O=C(c1ccc(C(F)(F)F)cc1)N(O)c1ccccc1
novartis,O=S(=O)(c1ccccc1)n1cc(-c2cccc3nccn23)c2ccccc21,0.2857142857142857,0.2638888888888889,CNCc1cc(-c2ccccc2F)n(S(=O)(=O)c2cccnc2)c1
novartis,O=c1[nH]c(-c2ccc(C(F)(F)F)cc2)nc2c1CCOC2,0.2676056338028169,0.33962264150943394,FC(F)(F)c1ccc(-c2nc(-c3ccccc3)c[nH]2)cc1
novartis,O=c1[nH]c(-c2ccc(C(F)(F)F)cc2)nc2c1CSCC2,0.24489795918367346,0.33962264150943394,FC(F)(F)c1ccc(-c2nc(-c3ccccc3)c[nH]2)cc1
novartis,O=c1[nH]c2c(Cc3nn[n-]n3)c3ccccc3n2c2ccccc12,0.3469387755102041,0.22857142857142856,CN(Cc1nc2ccccc2c(=O)[nH]1)Cc1nnc(-c2ccccc2)o1
novartis,O=c1[nH]c2cc(-c3ccc(F)cc3)ccc2cc1[O-],0.5277777777777778,0.30952380952380953,O=c1[nH]c2ccccc2cc1O
novartis,O=c1[nH]c2cc(C(F)(F)F)ccc2n1Cc1cc(Cl)ccc1O,0.6470588235294118,0.3695652173913043,Oc1ccc(Cl)cc1Cc1cc(Cl)ccc1O
novartis,O=c1[nH]c2ccc(-c3ccc(F)cc3)cc2cc1[O-],0.5277777777777778,0.30952380952380953,O=c1[nH]c2ccccc2cc1O
novartis,O=c1[nH]c2ccccc2c(=O)n1CCCl,0.358974358974359,0.35714285714285715,O=c1c2ccccc2[nH]c2ccc(Cl)cc12
novartis,O=c1cc(CSc2cccc(F)c2F)nc2cc(-c3ccco3)[nH]n12,0.5223880597014925,0.3698630136986301,Oc1cc(CSc2cccc(F)c2F)nc2nc(Cc3ccccc3)nn12
novartis,O=c1cc(CSc2cccc(F)c2F)nc2cc[nH]n12,0.576271186440678,0.421875,Oc1cc(CSc2cccc(F)c2F)nc2nc(Cc3ccccc3)nn12
novartis,O=c1ccc2nc3ccc(O)cc3oc-2c1,0.41025641025641024,0.39622641509433965,O=C(O)c1ccccc1-c1c2ccc(=O)cc-2oc2cc(O)ccc12
novartis,OCCn1cc(-c2cnc3nnn(Cc4ccc5ncccc5c4)c3n2)cn1,0.27419354838709675,0.29508196721311475,Oc1ccc2ncccc2c1
novartis,[NH3+]C(CO)c1ccccc1,0.46153846153846156,0.48148148148148145,O=C(O)[C@H](CO)c1ccccc1
novartis,c1ccc(-c2cnc3c(-c4ccnc5ccccc45)cnn3c2)cc1,0.3469387755102041,0.3409090909090909,Oc1ccnc2ccccc12
novartis,c1ccc(-c2nc3n(c2-c2ccccc2)CCS3)cc1,0.2682926829268293,0.2765957446808511,N#Cc1c(O)nc(N)nc1-c1ccccc1
novartis,c1ccc(N2CC[NH2+]CC2)cc1,0.6086956521739131,0.5384615384615384,c1ccc(N2CCNCC2)cc1
novartis,c1ccc(Nc2nc(NC3CCCCC3)nc3ccccc23)cc1,0.5,0.44,O=[N+]([O-])c1ccc(Nc2nc(NC3CCCCC3)nc(NC3CCCCC3)n2)cc1
novartis,c1ccc(Nc2ncc3ccccc3n2)cc1,0.46875,0.46875,Oc1ncc2ccccc2n1
avlilumove,C#CC[NH+](C)[C@H](C)Cc1ccc(F)cc1,0.7058823529411765,0.5,C#CCN(C)[C@H](C)Cc1ccc(F)cc1
avlilumove,CC(=O)CC1CCCC[NH2+]1,0.4166666666666667,0.4117647058823529,CC(=O)CC1CCCCN1
avlilumove,CC(=O)CCC[NH+](C)C,0.85,0.4782608695652174,CC(=O)CCCC(=O)O
avlilumove,CC(=O)OC(CC(=O)[O-])C[N+](C)(C)C,0.5333333333333333,0.7,CC(=O)OC(CC(=O)O)C[N+](C)(C)C
avlilumove,CC(=O)OCCCC[NH+](C)C,0.7083333333333334,0.5172413793103449,CC(=O)OCCCCN(C)C
avlilumove,CC(=O)OCCC[NH+](C)C,0.7391304347826086,0.5,CC(=O)OCCCN(C)C
avlilumove,CC(=O)Oc1ccc2c3c1O[C@@H]1C(OC(C)=O)C=C[C@H]4[C@@H](C2)[NH+](C)CC[C@]314,1.0,0.6875,CC(=O)Oc1ccc2c3c1O[C@H]1[C@@H](OC(C)=O)C=C[C@H]4[C@@H](C2)N(C)CC[C@@]341
avlilumove,CC(C(=O)[O-])N(C(=O)c1ccccc1)c1ccc(F)c(Cl)c1,0.36538461538461536,0.8048780487804879,CC(C(=O)O)N(C(=O)c1ccccc1)c1ccc(F)c(Cl)c1
avlilumove,CC(C)(C)[NH2+]CC(O)COc1ccccc1C1CCCC1,1.0,0.6666666666666666,CC(C)(C)NC[C@@H](O)COc1ccccc1C1CCCC1
avlilumove,CC(C)(C)[NH2+]CC(O)COc1nsnc1N1CCOCC1,1.0,0.6923076923076923,CC(C)(C)NC[C@H](O)COc1nsnc1N1CCOCC1
avlilumove,CC(C)Cc1ccc([C@@H](C)C(=O)[O-])cc1,1.0,0.7241379310344828,CC(C)Cc1ccc(C(C)C(=O)O)cc1
avlilumove,CC(C)n1c(/C=C/[C@H](O)C[C@H](O)CC(=O)[O-])c(-c2ccc(F)cc2)c2ccccc21,1.0,0.9814814814814815,CC(C)n1c(/C=C/C(O)CC(O)CC(=O)[O-])c(-c2ccc(F)cc2)c2ccccc21.[Na+]
avlilumove,CC(Cc1ccc(C(C)(C)C)cc1)C[NH+]1CC(C)OC(C)C1,0.3018867924528302,0.6,C[C@@H](Cc1ccc(C(C)(C)C)cc1)CN1C[C@@H](C)O[C@@H](C)C1
avlilumove,CC/C(=C(/c1ccccc1)c1ccc(OCC[NH+](C)C)cc1)c1ccccc1,1.0,0.6666666666666666,CC/C(=C(\c1ccccc1)c1ccc(OCCN(C)C)cc1)c1ccccc1
avlilumove,CC1(C)CC(=O)CC(C)(C)[NH2+]1,0.5454545454545454,0.45454545454545453,CC1(C)CC(=O)CC(C)(C)N1
avlilumove,CC1=C(/C=C/C(C)=C/C=C/C(C)=C\C(=O)[O-])C(C)(C)CCC1,1.0,0.8181818181818182,CC1=C(/C=C/C(C)=C/C=C/C(C)=C/C(=O)O)C(C)(C)CCC1
avlilumove,CC1=CC[NH+]2CCC[C@@H]12,0.45454545454545453,0.30303030303030304,CC1=CCCC[C@@H]1N
avlilumove,CC1CCC([NH+]2CCN(c3ccccc3F)CC2)CC1,0.3877551020408163,0.6097560975609756,CC1CCC(N2CCN(c3ccccc3F)CC2)CC1
avlilumove,CC1CC[NH+]2CCCC12,1.0,0.25925925925925924,C[C@@H]1CCCC[C@@H]1N
avlilumove,CC1CCc2cc(F)cc3c(=O)c(C(=O)[O-])cn1c23,0.576271186440678,0.8043478260869565,CC1CCc2cc(F)cc3c(=O)c(C(=O)O)cn1c23
avlilumove,CCC(=O)OC(Cc1ccccc1)(c1ccccc1)C(C)C[NH+](C)C,1.0,0.7021276595744681,CCC(=O)O[C@](Cc1ccccc1)(c1ccccc1)[C@H](C)CN(C)C
avlilumove,CCC1OC(=O)CC(O)C(C)C(CC=O)(OC2OC(C)CC([NH+](C)C)C2O)CC(C)C(=O)/C=C\C(C)=C/C1C,0.6705882352941176,0.7974683544303798,CCC1OC(=O)CC(O)C(C)C(CC=O)(OC2OC(C)CC(N(C)C)C2O)CC(C)C(=O)/C=C\C(C)=C/C1C
avlilumove,CCC1OC(=O)CC(O)CC(OC2OC(C)CC([NH+](C)C)C2O)C(CC=O)CC(C)C(=O)/C=C\C2OC2C1C,0.6022727272727273,0.7948717948717948,CCC1OC(=O)CC(O)CC(OC2OC(C)CC(N(C)C)C2O)C(CC=O)CC(C)C(=O)/C=C\C2OC2C1C
avlilumove,CCCC(=O)Nc1ccc(OC[C@H](O)C[NH2+]C(C)C)c(C(C)=O)c1,1.0,0.7272727272727273,CCCC(=O)Nc1ccc(OCC(O)CNC(C)C)c(C(C)=O)c1
avlilumove,CCCC(=O)OC(CC(=O)[O-])C[N+](C)(C)C,0.47058823529411764,0.7352941176470589,CCCC(=O)OC(CC(=O)O)C[N+](C)(C)C
avlilumove,CCCCC1CC[NH+](CCCC(=O)c2ccccc2C)CC1,0.40384615384615385,0.66,CCCCC1CCN(CCCC(=O)c2ccccc2C)CC1
avlilumove,CCCCCCCC(=O)OC(CC(=O)[O-])C[N+](C)(C)C,0.4444444444444444,0.7631578947368421,CCCCCCCC(=O)OC(CC(=O)O)C[N+](C)(C)C
avlilumove,CCCCCCCCCC(=O)OC(CC(=O)[O-])C[N+](C)(C)C,0.4444444444444444,0.7631578947368421,CCCCCCCC(=O)OC(CC(=O)O)C[N+](C)(C)C
avlilumove,CCCCC[C@H](O)/C=C/[C@H]1[C@H](C/C=C/CCCC(=O)[O-])C(=O)C[C@@H]1O,0.39622641509433965,0.8333333333333334,CCCCC[C@H](O)/C=C/[C@H]1[C@H](O)CC(=O)[C@@H]1C/C=C\CCCC(=O)O
avlilumove,CCCCC[C@H](O)/C=C/[C@H]1[C@H](CCCCCCC(=O)[O-])C(=O)C[C@@H]1O,0.4090909090909091,0.8235294117647058,CCCCC[C@H](O)/C=C/[C@H]1[C@H](CCCCCCC(=O)O)C(=O)C[C@@H]1O
avlilumove,CCCCOc1ccc(C(=O)CC[NH+]2CCCCC2)cc1,0.5853658536585366,0.6086956521739131,CCCCOc1ccc(C(=O)CCN2CCCCC2)cc1
avlilumove,CCCOC(=O)NCCC[NH+](C)C,0.4722222222222222,0.6,CCCOC(=O)NCCCN(C)C
avlilumove,CCC[C@@H]1C[C@@H](C(=O)NC(C(C)Cl)[C@H]2O[C@H](SC)[C@H](O)[C@@H](O)[C@H]2O)[NH+](C)C1,0.8421052631578947,0.65625,CCC[C@@H]1C[C@@H](C(=O)NC(C(C)Cl)[C@H]2O[C@H](SC)[C@H](O)[C@@H](O)[C@H]2O)N(C)C1
avlilumove,CCN(C)C(=O)Oc1cccc(C(C)[NH+](C)C)c1,1.0,0.7209302325581395,CCN(C)C(=O)Oc1cccc([C@H](C)N(C)C)c1
avlilumove,CCN(CC)C(=O)Nc1ccc(OCC(O)C[NH2+]C)c(C(C)=O)c1,0.5833333333333334,0.7547169811320755,CCN(CC)C(=O)Nc1ccc(OCC(O)CNC)c(C(C)=O)c1
avlilumove,CCOC(=O)C1=C[C@]2(CC)CCC[NH+]3CCc4c(n1c1ccccc41)[C@@H]32,0.4852941176470588,0.6567164179104478,CCOC(=O)C1=CC2(CC)CCCN3CCc4c(n1c1ccccc41)C32
avlilumove,CCOC(=O)[C@@H]1CN(Cc2ccccc2)CC1C(F)(F)F,0.3793103448275862,0.38181818181818183,CCOC(=O)c1nn(Cc2ccccc2)nc1O
avlilumove,CCOC(=O)[C@@H]1CN(Cc2ccccc2)C[C@@H]1C(F)(F)F,0.3793103448275862,0.38181818181818183,CCOC(=O)c1nn(Cc2ccccc2)nc1O
avlilumove,CC[NH+]1CCCC1CNC(=O)c1cc(S(=O)(=O)CC)c(N)cc1OC,0.5151515151515151,0.6349206349206349,CCN1CCCC1CNC(=O)c1cc(S(=O)(=O)CC)c(N)cc1OC
avlilumove,CC[NH2+]C,0.45454545454545453,0.3333333333333333,CCN(CC)CC
avlilumove,CN1c2ccccc2C(=O)N(CC[NH+](C)C)c2ccccc21,0.38636363636363635,0.6410256410256411,CN(C)CCN1C(=O)c2ccccc2N(C)c2ccccc21
avlilumove,COC(=O)[C@@H]1C2CCC(C[C@@H]1OC(=O)c1ccccc1)[NH+]2C,1.0,0.5555555555555556,COC(=O)[C@H]1[C@@H](OC(=O)c2ccccc2)C[C@@H]2CC[C@H]1N2C
avlilumove,COC(=O)[C@H]1[C@H]2CC[C@@H](C[C@@H]1O)[NH+]2C,1.0,0.42857142857142855,COC(=O)[C@H]1[C@H]2CC[C@@H](C[C@@H]1O)N2C
avlilumove,COC1C=CC(CN2C(=O)[C@H]3C([C@H]2CC(F)F)[C@@H]2CCC[NH+]2[C@H]3c2ccc(C#N)cc2)=CC1,0.23170731707317074,0.6962025316455697,COC1C=CC(CN2C(=O)[C@H]3C([C@H]2CC(F)F)[C@@H]2CCCN2[C@H]3c2ccc(C#N)cc2)=CC1
avlilumove,COCCc1ccc(OC[C@H](O)C[NH2+]C(C)C)cc1,1.0,0.6363636363636364,COCCc1ccc(OCC(O)CNC(C)C)cc1
avlilumove,COc1cc(C[NH+]2CCC3(C=Cc4ccccc43)CC2)cc(OC)c1OC,0.30434782608695654,0.6538461538461539,COc1cc(CN2CCC3(C=Cc4ccccc43)CC2)cc(OC)c1OC
avlilumove,COc1cc2c(cc1OC)[C@@]13CC[NH+]4CC5=CCOC6CC(=O)N2C1[C@@H]6[C@@H]5C[C@@H]43,1.0,0.647887323943662,COc1cc2c(cc1OC)[C@@]13CCN4CC5=CCOC6CC(=O)N2C1[C@@H]6[C@@H]5C[C@@H]43
avlilumove,COc1ccc(C(=O)CCC(=O)[O-])cc1,0.6060606060606061,0.7096774193548387,COc1ccc(C(=O)CCC(=O)O)cc1
avlilumove,COc1ccc(C[C@H](C)[NH3+])cc1,1.0,0.6428571428571429,COc1ccc(C[C@@H](C)N)cc1
avlilumove,COc1ccc(OC)c([C@H](O)[C@@H](C)[NH3+])c1,0.42857142857142855,0.7058823529411765,COc1ccc(OC)c([C@H](O)[C@@H](C)N)c1
avlilumove,COc1ccc2[nH+]c(-c3ccccc3)cc(N)c2c1,0.6216216216216216,0.5227272727272727,COc1ccc2nc(-c3ccccc3)cc(N)c2c1
avlilumove,COc1ccc2c3c1O[C@H]1[C@@H](O)C=CC4[C@@H](C2)[NH+](C)CC[C@@]341,1.0,0.6551724137931034,COc1ccc2c3c1O[C@H]1[C@@H](O)C=C[C@H]4[C@@H](C2)NCC[C@@]341
avlilumove,COc1ccc2c3c1O[C@H]1[C@@H](O)C=CC4[C@@H](C2)[NH2+]CC[C@@]341,1.0,0.6551724137931034,COc1ccc2c3c1O[C@H]1[C@@H](O)C=C[C@H]4[C@@H](C2)NCC[C@@]341
avlilumove,COc1cccc(C[C@H](C)[NH3+])c1,0.6129032258064516,0.7096774193548387,COc1cccc(C[C@H](C)N)c1
avlilumove,C[C@@H](O)C(=O)[O-],1.0,0.5333333333333333,C[C@H](O)C(=O)O
avlilumove,C[C@@H]([NH3+])[C@@H](O)c1ccccc1,1.0,0.6,C[C@@H](N)[C@@H](O)c1ccccc1
avlilumove,C[C@H](CCC(=O)[O-])C1CC[C@H]2C3[C@@H](O)C[C@@H]4C[C@H](O)CC[C@]4(C)[C@H]3CC[C@]12C,1.0,0.8235294117647058,C[C@H](CCC(=O)O)[C@H]1CC[C@H]2[C@@H]3[C@@H](O)C[C@@H]4C[C@H](O)CC[C@]4(C)[C@H]3CC[C@]12C
avlilumove,C[C@H](CCC(=O)[O-])C1CC[C@H]2C3[C@H](O)C[C@@H]4C[C@H](O)CC[C@]4(C)[C@H]3CC[C@]12C,1.0,0.8235294117647058,C[C@H](CCC(=O)O)[C@H]1CC[C@H]2[C@@H]3[C@@H](O)C[C@@H]4C[C@H](O)CC[C@]4(C)[C@H]3CC[C@]12C
avlilumove,C[C@H](O)C(=O)[O-],1.0,0.5333333333333333,C[C@H](O)C(=O)O
avlilumove,C[C@H]([NH3+])Cc1ccccc1,1.0,0.5833333333333334,C[C@@H](N)Cc1ccccc1
avlilumove,C[C@H]([NH3+])[C@@H](O)c1ccccc1,1.0,0.6,C[C@@H](N)[C@@H](O)c1ccccc1
avlilumove,C[NH+](C)CC/C=C1\c2ccccc2COc2ccccc21,1.0,0.6829268292682927,CN(C)CCC=C1c2ccccc2COc2ccccc21
avlilumove,C[NH+](C)CCCC#N,0.5652173913043478,0.4166666666666667,CN(C)CCCC#N
avlilumove,C[NH+](C)CCCCC#N,0.5833333333333334,0.44,CN(C)CCCCC#N
avlilumove,C[NH+](C)CCCCS(=O)(=O)c1ccccc1,0.5,0.6060606060606061,CN(C)CCCCS(=O)(=O)c1ccccc1
avlilumove,C[NH+](C)CCCCS(=O)c1ccccc1,0.45454545454545453,0.5882352941176471,CN(C)CCCCS(=O)c1ccccc1
avlilumove,C[NH+](C)CCCCSc1ccccc1,0.4838709677419355,0.5666666666666667,NCCCCSc1ccccc1
avlilumove,C[NH+](C)CCCNC(=O)c1ccccc1,0.5588235294117647,0.6111111111111112,CN(C)CCCNC(=O)c1ccccc1
avlilumove,C[NH+](C)CCCOc1nn(Cc2ccccc2)c2ccccc12,0.3953488372093023,0.6956521739130435,CN(C)CCCOc1nn(Cc2ccccc2)c2ccccc12
avlilumove,C[NH+](C)CCNC(=O)c1ccccc1,0.59375,0.5882352941176471,CN(C)CCNC(=O)c1ccccc1
avlilumove,C[NH+](C)CCOC1(c2ccccc2)CC2CCC1(C)C2(C)C,0.32653061224489793,0.7021276595744681,CN(C)CCOC1(c2ccccc2)CC2CCC1(C)C2(C)C
avlilumove,C[NH+]1[C@@H]2CC[C@H]1CC(O)C2,1.0,0.36,CN1[C@@H]2CC[C@H]1CC(O)C2
avlilumove,C[NH+]1[C@@H]2CC[C@H]1CC(OC(=O)C(CO)c1ccccc1)C2,1.0,0.6739130434782609,CN1[C@@H]2CC[C@H]1C[C@@H](OC(=O)C(CO)c1ccccc1)C2
avlilumove,C[NH+]1[C@@H]2CC[C@H]1CC(OC(=O)[C@H](CO)c1ccccc1)C2,1.0,0.6739130434782609,CN1[C@@H]2CC[C@H]1C[C@@H](OC(=O)C(CO)c1ccccc1)C2
avlilumove,C[NH2+]C(C)(C)Cc1ccccc1,0.5384615384615384,0.5384615384615384,CC(C)(N)Cc1ccccc1
avlilumove,C[NH2+]C(C)Cc1ccccc1OC,0.5277777777777778,0.5882352941176471,CNC(C)Cc1ccccc1OC
avlilumove,C[NH2+]C1CCC(c2ccc(Cl)c(Cl)c2)c2ccccc21,1.0,0.6585365853658537,CN[C@H]1CC[C@@H](c2ccc(Cl)c(Cl)c2)c2ccccc21
avlilumove,C[NH2+][C@@H](C)Cc1ccccc1,1.0,0.5384615384615384,C[C@@H](N)Cc1ccccc1
avlilumove,C[NH2+][C@H](C)[C@@H](O)c1ccccc1,1.0,0.5555555555555556,C[C@@H](N)[C@@H](O)c1ccccc1
avlilumove,Cc1c(Cl)cccc1-n1ncc(C(=O)Nc2nccs2)c1C1CC[NH2+]CC1,0.26666666666666666,0.8125,Cc1c(Cl)cccc1-n1ncc(C(=O)Nc2nccs2)c1C1CCNCC1
avlilumove,Cc1cc(=O)oc2cc(C3OC(C(=O)[O-])C(O)C(O)C3O)ccc12,0.6792452830188679,0.8085106382978723,Cc1cc(=O)oc2cc(C3OC(C(=O)O)C(O)C(O)C3O)ccc12
avlilumove,Cc1cc(Cl)ccc1O[C@H](C)C(=O)[O-],0.6111111111111112,0.7428571428571429,Cc1cc(Cl)ccc1O[C@@H](C)C(=O)O
avlilumove,Cc1ccc(-n2ncc(C(=O)Nc3nccs3)c2C2CC[NH2+]CC2)cc1C,0.2777777777777778,0.8032786885245902,Cc1ccc(-n2ncc(C(=O)Nc3nccs3)c2C2CCNCC2)cc1C
avlilumove,Cc1ccc(C)c(N2CC[NH+](C3C4CC5CC(C4)CC3C5)CC2)c1,0.4,0.627906976744186,Cc1ccc(C)c(N2CCN(C3C4CC5CC(C4)CC3C5)CC2)c1
avlilumove,Cc1ccc(C)c(N2CC[NH+](C3CCC(C)C3)CC2)c1,0.3902439024390244,0.6,Cc1ccc(C)c(N2CCN(C3CCC(C)C3)CC2)c1
avlilumove,Cc1ccc(C)c(N2CC[NH+](C3CCCC(C)C3)CC2)c1,0.37209302325581395,0.6170212765957447,Cc1ccc(C)c(N2CCN(C3CCCC(C)C3)CC2)c1
avlilumove,Cc1ccc(C)c(N2CC[NH+](C3CCCCCC3)CC2)c1,0.42105263157894735,0.6097560975609756,Cc1ccc(C)c(N2CCN(C3CCCCCC3)CC2)c1
avlilumove,Cc1cccc(-n2ncc(C(=O)Nc3nccs3)c2C2CC[NH2+]CC2)c1,0.273972602739726,0.8064516129032258,Cc1cccc(-n2ncc(C(=O)Nc3nccs3)c2C2CCNCC2)c1
avlilumove,Cn1nnnc1SCC1CS[C@@H]2C(=NC(=O)[C@H](O)c3ccccc3)C(=O)N2C1C(=O)[O-],0.4942528735632184,0.4222222222222222,Cn1nnnc1SCC1=C(C(=O)O)N2C(=O)[C@@H](NC(=O)[C@H](O)c3ccccc3)[C@H]2SC1
avlilumove,FC(F)(F)c1cccc(N2CC[NH+](C3C4CC5CC(C4)CC3C5)CC2)c1,0.5306122448979592,0.6521739130434783,FC(F)(F)c1cccc(N2CCN(C3C4CC5CC(C4)CC3C5)CC2)c1
avlilumove,FC1(F)CCNC1,0.6842105263157895,0.6470588235294118,FC1(F)CCNCC1
avlilumove,FC1CC[NH2+]C1,0.7222222222222222,0.2727272727272727,FC1CCNCC1
avlilumove,F[C@@H]1C[NH2+]CC[C@H]1Cc1ccccc1,0.43243243243243246,0.5263157894736842,F[C@H]1CNCC[C@H]1Cc1ccccc1
avlilumove,F[C@H]1C[NH2+]CC[C@H]1Cc1ccccc1,0.43243243243243246,0.5263157894736842,F[C@H]1CNCC[C@H]1Cc1ccccc1
avlilumove,N#CC1CC(F)CN1,0.21875,0.25,FC1CCNC1
avlilumove,N#Cc1ccc([C@H]2[C@H]3C(O)N(Cc4ccc(F)cc4)C(=O)[C@H]3[C@@H]3CC(F)(F)CN32)cc1,0.2625,0.703125,N#Cc1ccc([C@H]2[C@H]3C(O)N(Cc4ccc(F)cc4)C(=O)[C@H]3[C@@H]3C[C@H](F)CN32)cc1
avlilumove,N#Cc1ccc2c(c1)N(CCCC[NH+]1CCC(O)CC1)c1ccccc1S2,0.9411764705882353,0.7321428571428571,N#Cc1ccc2c(c1)N(CCCCN1CCC(O)CC1)c1ccccc1S2
avlilumove,NCCS(=O)(=O)c1ccccc1,0.48,0.76,NCCCS(=O)(=O)c1ccccc1
avlilumove,Nc1c2c([nH+]c3ccccc13)-c1ccccc1CC2,0.5128205128205128,0.5,Nc1c2c(nc3ccccc13)-c1ccccc1CC2
avlilumove,Nc1cc(-c2ccccc2)[nH+]c2ccc(Br)cc12,0.6764705882352942,0.4878048780487805,Nc1cc(-c2ccccc2)nc2ccc(Br)cc12
avlilumove,Nc1cc(-c2ccccc2)[nH+]c2ccc(Cl)cc12,0.6764705882352942,0.4878048780487805,Nc1cc(-c2ccccc2)nc2ccc(Cl)cc12
avlilumove,O=C(CCC[NH+]1CC=C(n2c(=O)[nH]c3ccccc32)CC1)c1ccc(F)cc1,0.410958904109589,0.6461538461538462,O=C(CCCN1CC=C(n2c(=O)[nH]c3ccccc32)CC1)c1ccc(F)cc1
avlilumove,O=C(N[C@H]1CCCC[C@H]1C(=O)[O-])c1ccccc1,0.46938775510204084,0.7941176470588235,O=C(N[C@H]1CCCC[C@H]1C(=O)O)c1ccccc1
avlilumove,O=C([O-])COc1ccc(Cl)cc1Cl,0.47058823529411764,0.71875,O=C(O)COc1ccc(Cl)cc1Cl
avlilumove,O=C([O-])[C@H](O)[C@@H](O)[C@H](O)[C@H](O)CO,0.34375,0.6956521739130435,O=C(O)[C@H](O)[C@@H](O)[C@@H](O)[C@@H](O)CO
avlilumove,O=C([O-])c1ccccc1-c1ncc(-c2ccccc2)o1,0.5555555555555556,0.8055555555555556,O=C(O)c1ccccc1-c1ncc(-c2ccccc2)o1
avlilumove,O=C([O-])c1ccccc1C(=O)Nc1nc(-c2ccccc2)cs1,0.43902439024390244,0.8,O=C(O)c1ccccc1C(=O)Nc1nc(-c2ccccc2)cs1
avlilumove,O=C([O-])c1ccccc1Nc1cccc(C(F)(F)F)c1,0.5,0.7692307692307693,O=C(O)c1ccccc1Nc1cccc(C(F)(F)F)c1
avlilumove,O=C([O-])c1nc(Cl)ccc1Cl,0.41935483870967744,0.6923076923076923,O=C(O)c1nc(Cl)ccc1Cl
avlilumove,O=C1CCCN1CC#CC[NH+]1CCCC1,0.4772727272727273,0.6,O=C1CCCN1CC#CCN1CCCC1
avlilumove,O=C1C[C@@H]2OCC=C3C[NH+]4CC[C@]56c7ccccc7N1[C@H]5C2[C@H]3C[C@H]46,1.0,0.6212121212121212,O=C1C[C@@H]2OCC=C3CN4CC[C@]56c7ccccc7N1[C@H]5[C@H]2[C@H]3C[C@H]46
avlilumove,O=S1(=O)CCNCC1,0.16666666666666666,0.38461538461538464,C1CN1
avlilumove,[NH3+]C(CO)(CO)CO,0.6,0.35714285714285715,OCC(F)(F)F
avlilumove,[NH3+]CCCCCS(=O)(=O)c1ccccc1,0.5,0.6666666666666666,NCCCCCS(=O)(=O)c1ccccc1
avlilumove,[NH3+]CCCCCSc1ccccc1,0.4827586206896552,0.6428571428571429,NCCCCCSc1ccccc1
avlilumove,[NH3+]CCCCS(=O)(=O)c1ccccc1,0.4827586206896552,0.6551724137931034,NCCCCS(=O)(=O)c1ccccc1
avlilumove,[NH3+]CCCCSc1ccccc1,0.4642857142857143,0.6296296296296297,NCCCCSc1ccccc1
avlilumove,[NH3+]CCCS(=O)(=O)c1ccccc1,0.4642857142857143,0.6428571428571429,NCCCS(=O)(=O)c1ccccc1
avlilumove,[NH3+]CCCSc1ccccc1,0.4444444444444444,0.6153846153846154,NCCCSc1ccccc1
avlilumove,[NH3+]CCSc1ccccc1,0.41379310344827586,0.5833333333333334,NCCSc1ccccc1
avlilumove,[NH3+]Cc1cc(-c2ccccc2)nc2ccccc12,0.3611111111111111,0.6875,NCc1cc(-c2ccccc2)nc2ccccc12
avlilumove,c1ccc(N2CC[NH2+]CC2)cc1,0.6086956521739131,0.5384615384615384,c1ccc(N2CCNCC2)cc1
avlilumove,c1cnc(N2CC[NH2+]CC2)nc1,0.3142857142857143,0.5555555555555556,c1cnc(N2CCNCC2)nc1
