id,smiles,pKas,assay
SM01,O=C1NCCCc2c1oc1ccc(O)cc21,9.53,UV-metric pKa
SM02,FC(F)(F)c1cccc(Nc2ncnc3ccccc23)c1,5.03,"UV-metric psKa, Yasuda-Shedlovsky Extrapolation"
SM03,O=C(Nc1nnc(Cc2ccccc2)s1)c1cccs1,7.02,"UV-metric psKa, Yasuda-Shedlovsky Extrapolation"
SM04,Clc1ccc(CNc2ncnc3ccccc23)cc1,6.02,UV-metric pKa
SM05,O=C(Nc1ccccc1N1CCCCC1)c1ccc(Cl)o1,4.59,"UV-metric psKa, Yasuda-Shedlovsky Extrapolation"
SM06,O=C(Nc1cccc2cccnc12)c1cncc(Br)c1,3.03;11.74,UV-metric pKa
SM07,c1ccc(CNc2ncnc3ccccc23)cc1,6.08,UV-metric pKa
SM08,Cc1ccc2[nH]c(=O)c(CC(=O)O)c(-c3ccccc3)c2c1,4.22,UV-metric pKa
SM09,COc1cccc(Nc2ncnc3ccccc23)c1,5.37,"UV-metric psKa, Yasuda-Shedlovsky Extrapolation"
SM10,O=C(CNC(=O)c1ccccc1)Nc1nc2ccccc2s1,9.02,"UV-metric psKa, Yasuda-Shedlovsky Extrapolation"
SM11,Nc1ncnc2c1cnn2-c1ccccc1,3.89,UV-metric pKa
SM12,Clc1cccc(Nc2ncnc3ccccc23)c1,5.28,UV-metric pKa
SM13,COc1cc2ncnc(Nc3cccc(C)c3)c2cc1OC,5.77,UV-metric pKa
SM14,Nc1ccc2c(c1)ncn2-c1ccccc1,2.58;5.30,UV-metric pKa
SM15,Oc1ccc(-n2cnc3ccccc32)cc1,4.70;8.94,UV-metric pKa
SM16,O=C(Nc1ccncc1)c1c(Cl)cccc1Cl,5.37;10.65,UV-metric pKa
SM17,c1ccc(CSc2nnc(-c3ccncc3)o2)cc1,3.16,UV-metric pKa
SM18,O=C(CCc1nc2ccccc2c(=O)[nH]1)Nc1ncc(Cc2ccc(F)c(F)c2)s1,2.15;9.58;11.02,"UV-metric psKa, Yasuda-Shedlovsky Extrapolation"
SM19,CCOc1ccc2nc(NC(=O)Cc3ccc(Cl)c(Cl)c3)sc2c1,9.56,"UV-metric psKa, Yasuda-Shedlovsky Extrapolation"
SM20,O=C1NC(=O)/C(=C\c2cccc(OCc3ccc(Cl)cc3Cl)c2)S1,5.70,"UV-metric psKa, Yasuda-Shedlovsky Extrapolation"
SM21,Fc1cnc(Nc2cccc(Br)c2)nc1Nc1cccc(Br)c1,4.10,"UV-metric psKa, Yasuda-Shedlovsky Extrapolation"
SM22,Oc1c(I)cc(I)c2cccnc12,2.40;7.43,"UV-metric psKa, Yasuda-Shedlovsky Extrapolation"
SM23,CCOC(=O)c1ccc(Nc2cc(C)nc(Nc3ccc(C(=O)OCC)cc3)n2)cc1,5.45,"UV-metric psKa, Yasuda-Shedlovsky Extrapolation"
SM24,COc1ccc(-c2oc3ncnc(NCCO)c3c2-c2ccc(OC)cc2)cc1,2.60,"UV-metric psKa, Yasuda-Shedlovsky Extrapolation"
