name,smiles,pKa1,pKa2,kind,note
malonic acid,OC(=O)CC(=O)O,2.85,5.70,acid,
succinic acid,OC(=O)CCC(=O)O,4.21,5.64,acid,
glutaric acid,OC(=O)CCCC(=O)O,4.32,5.42,acid,
adipic acid,OC(=O)CCCCC(=O)O,4.41,5.41,acid,
pimelic acid,OC(=O)CCCCCC(=O)O,4.71,5.58,acid,compilations disagree by ~0.2
suberic acid,OC(=O)CCCCCCC(=O)O,4.53,5.50,acid,
azelaic acid,OC(=O)CCCCCCCC(=O)O,4.55,5.50,acid,
sebacic acid,OC(=O)CCCCCCCCC(=O)O,4.59,5.59,acid,
fumaric acid,OC(=O)/C=C/C(=O)O,3.03,4.44,acid,
phthalic acid,OC(=O)c1ccccc1C(=O)O,2.94,5.43,acid,
isophthalic acid,OC(=O)c1cccc(C(=O)O)c1,3.46,4.46,acid,
terephthalic acid,OC(=O)c1ccc(C(=O)O)cc1,3.51,4.82,acid,
ethylenediamine,NCCN,6.85,9.92,base,
"1,3-propanediamine",NCCCN,8.88,10.55,base,compilations disagree by ~0.3
"1,4-butanediamine",NCCCCN,9.63,10.80,base,compilations disagree by ~0.3
"1,6-hexanediamine",NCCCCCCN,10.24,11.02,base,
piperazine,C1CNCCN1,5.35,9.73,base,
