set,id,method,exp,pred,mean_abs_err,pI,charge_7_4
amino/polyprotic (I=0),glycine,independent,2.34;9.60,3.75;8.78,1.118,6.26,-0.04
amino/polyprotic (I=0),glycine,microstate,2.34;9.60,1.18;11.35,1.452,6.26,-0.00
amino/polyprotic (I=0),alanine,independent,2.34;9.69,4.09;8.12,1.659,6.11,-0.16
amino/polyprotic (I=0),alanine,microstate,2.34;9.69,1.50;10.71,0.931,6.11,-0.00
amino/polyprotic (I=0),valine,independent,2.32;9.62,4.33;9.07,1.281,6.70,-0.02
amino/polyprotic (I=0),valine,microstate,2.32;9.62,1.72;11.68,1.334,6.70,-0.00
amino/polyprotic (I=0),leucine,independent,2.36;9.60,4.02;8.07,1.596,6.04,-0.18
amino/polyprotic (I=0),leucine,microstate,2.36;9.60,1.35;10.73,1.070,6.04,-0.00
amino/polyprotic (I=0),isoleucine,independent,2.36;9.68,4.58;8.95,1.479,6.77,-0.03
amino/polyprotic (I=0),isoleucine,microstate,2.36;9.68,1.94;11.59,1.168,6.77,-0.00
amino/polyprotic (I=0),proline,independent,1.99;10.96,3.92;10.02,1.433,6.97,-0.00
amino/polyprotic (I=0),proline,microstate,1.99;10.96,1.31;12.63,1.171,6.97,-0.00
amino/polyprotic (I=0),phenylalanine,independent,1.83;9.13,4.32;7.40,2.110,5.86,-0.50
amino/polyprotic (I=0),phenylalanine,microstate,1.83;9.13,1.67;10.05,0.541,5.86,-0.00
amino/polyprotic (I=0),serine,independent,2.21;9.15,4.07;7.68,1.666,5.88,-0.34
amino/polyprotic (I=0),serine,microstate,2.21;9.15,1.42;10.33,0.984,5.88,-0.00
amino/polyprotic (I=0),threonine,independent,2.11;9.62,4.21;8.30,1.709,6.25,-0.11
amino/polyprotic (I=0),threonine,microstate,2.11;9.62,1.59;10.92,0.912,6.25,-0.00
amino/polyprotic (I=0),methionine,independent,2.28;9.21,4.35;7.86,1.711,6.10,-0.26
amino/polyprotic (I=0),methionine,microstate,2.28;9.21,1.71;10.49,0.926,6.10,-0.00
amino/polyprotic (I=0),asparagine,independent,2.02;8.80,3.67;7.44,1.505,5.56,-0.47
amino/polyprotic (I=0),asparagine,microstate,2.02;8.80,1.05;10.07,1.123,5.56,-0.00
amino/polyprotic (I=0),glutamine,independent,2.17;9.13,4.24;7.82,1.690,6.03,-0.27
amino/polyprotic (I=0),glutamine,microstate,2.17;9.13,1.58;10.48,0.969,6.03,-0.00
amino/polyprotic (I=0),tryptophan,independent,2.38;9.39,4.90;7.66,2.125,6.28,-0.35
amino/polyprotic (I=0),tryptophan,microstate,2.38;9.39,2.29;10.26,0.481,6.28,-0.00
amino/polyprotic (I=0),aspartic acid,independent,1.88;3.65;9.60,3.76;3.88;7.84,1.293,3.82,-1.27
amino/polyprotic (I=0),aspartic acid,microstate,1.88;3.65;9.60,1.11;4.09;11.95,1.189,2.60,-1.00
amino/polyprotic (I=0),glutamic acid,independent,2.19;4.25;9.67,4.32;4.89;7.68,1.586,4.60,-1.34
amino/polyprotic (I=0),glutamic acid,microstate,2.19;4.25;9.67,1.68;4.51;11.56,0.886,3.10,-1.00
amino/polyprotic (I=0),lysine,independent,2.18;8.95;10.53,4.42;8.21;10.32,1.066,9.26,0.87
amino/polyprotic (I=0),lysine,microstate,2.18;8.95;10.53,1.21;9.89;11.17,0.851,10.53,1.00
amino/polyprotic (I=0),arginine,independent,2.17;9.04;12.48,4.17;7.55;9.64,2.112,8.59,0.58
amino/polyprotic (I=0),arginine,microstate,2.17;9.04;12.48,0.93;9.27;10.52,1.146,9.90,0.99
amino/polyprotic (I=0),histidine,independent,1.82;6.00;9.17,4.53;6.21;7.62,1.487,6.92,-0.31
amino/polyprotic (I=0),histidine,microstate,1.82;6.00;9.17,1.16;5.93;10.26,0.608,8.10,0.03
amino/polyprotic (I=0),cysteine,independent,1.96;8.18;10.28,4.11;7.50;8.38,1.578,5.78,-0.54
amino/polyprotic (I=0),cysteine,microstate,1.96;8.18;10.28,1.48;7.79;12.32,0.972,4.63,-0.29
amino/polyprotic (I=0),tyrosine,independent,2.20;9.11;10.07,4.41;7.49;9.82,1.362,5.95,-0.45
amino/polyprotic (I=0),tyrosine,microstate,2.20;9.11;10.07,1.71;9.57;10.85,0.576,5.64,-0.01
amino/polyprotic (I=0),beta-alanine,independent,3.55;10.24,4.63;9.64,0.836,7.13,-0.00
amino/polyprotic (I=0),beta-alanine,microstate,3.55;10.24,2.98;11.29,0.805,7.13,-0.00
amino/polyprotic (I=0),4-aminobutanoic acid (GABA),independent,4.03;10.56,4.87;10.07,0.665,7.47,0.00
amino/polyprotic (I=0),4-aminobutanoic acid (GABA),microstate,4.03;10.56,3.83;11.11,0.377,7.47,0.00
amino/polyprotic (I=0),6-aminohexanoic acid,independent,4.37;10.80,5.09;10.70,0.413,7.89,0.00
amino/polyprotic (I=0),6-aminohexanoic acid,microstate,4.37;10.80,4.53;11.25,0.309,7.89,0.00
amino/polyprotic (I=0),4-aminobenzoic acid,independent,2.38;4.85,3.21;4.05,0.813,3.63,-1.00
amino/polyprotic (I=0),4-aminobenzoic acid,microstate,2.38;4.85,3.01;4.25,0.611,3.63,-1.00
amino/polyprotic (I=0),citric acid,independent,3.13;4.76;6.40,3.31;3.78;3.78,1.262,,-3.00
amino/polyprotic (I=0),citric acid,microstate,3.13;4.76;6.40,3.09;4.98;6.70,0.191,,-2.83
amino/polyprotic (I=0),L-tartaric acid,independent,2.98;4.34,3.26;3.26,0.680,,-2.00
amino/polyprotic (I=0),L-tartaric acid,microstate,2.98;4.34,2.96;4.95,0.315,,-2.00
SAMPL6 (I=0.15),SM01,independent,9.53,8.14,1.387,,-0.15
SAMPL6 (I=0.15),SM01,microstate,9.53,8.02,1.507,,-0.19
SAMPL6 (I=0.15),SM01,microstate_I0,9.53,8.14,1.387,,-0.15
SAMPL6 (I=0.15),SM02,independent,5.03,3.97;5.03;6.12,0.005,,0.05
SAMPL6 (I=0.15),SM02,microstate,5.03,-2.00;4.49;6.28,0.544,,0.07
SAMPL6 (I=0.15),SM02,microstate_I0,5.03,-4.94;3.52;6.16,1.131,,0.05
SAMPL6 (I=0.15),SM03,independent,7.02,6.53,0.487,,0.12
SAMPL6 (I=0.15),SM03,microstate,7.02,6.65,0.368,,0.15
SAMPL6 (I=0.15),SM03,microstate_I0,7.02,6.53,0.487,,0.12
SAMPL6 (I=0.15),SM04,independent,6.02,4.30;5.33;5.43,0.594,,0.02
SAMPL6 (I=0.15),SM04,microstate,6.02,-1.71;4.55;5.82,0.203,,0.03
SAMPL6 (I=0.15),SM04,microstate_I0,6.02,-4.65;3.58;5.70,0.322,,0.02
SAMPL6 (I=0.15),SM05,independent,4.59,6.78;6.78,2.191,,0.39
SAMPL6 (I=0.15),SM05,microstate,4.59,4.47;7.20,0.120,,0.39
SAMPL6 (I=0.15),SM05,microstate_I0,4.59,3.12;7.08,1.473,,0.33
SAMPL6 (I=0.15),SM06,independent,3.03;11.74,2.51;2.85;6.06,2.932,,0.04
SAMPL6 (I=0.15),SM06,microstate,3.03;11.74,0.66;2.19;6.18,3.199,,0.06
SAMPL6 (I=0.15),SM06,microstate_I0,3.03;11.74,-1.29;1.29;6.06,3.713,,0.04
SAMPL6 (I=0.15),SM07,independent,6.08,4.16;5.50;5.63,0.448,,0.03
SAMPL6 (I=0.15),SM07,microstate,6.08,-1.84;4.75;6.00,0.078,,0.04
SAMPL6 (I=0.15),SM07,microstate_I0,6.08,-4.78;3.78;5.88,0.198,,0.03
SAMPL6 (I=0.15),SM08,independent,4.22,5.32,1.104,,-0.99
SAMPL6 (I=0.15),SM08,microstate,4.22,5.20,0.984,,-0.99
SAMPL6 (I=0.15),SM08,microstate_I0,4.22,5.32,1.104,,-0.99
SAMPL6 (I=0.15),SM09,independent,5.37,3.92;5.01;7.03,0.357,,0.30
SAMPL6 (I=0.15),SM09,microstate,5.37,-2.04;4.51;7.16,0.864,,0.36
SAMPL6 (I=0.15),SM09,microstate_I0,5.37,-4.97;3.54;7.04,1.667,,0.30
SAMPL6 (I=0.15),SM10,independent,9.02,3.46;5.82,3.197,,0.03
SAMPL6 (I=0.15),SM10,microstate,9.02,0.44;5.94,3.076,,0.03
SAMPL6 (I=0.15),SM10,microstate_I0,9.02,-1.10;5.82,3.196,,0.03
SAMPL6 (I=0.15),SM11,independent,3.89,3.21;3.27;3.56,0.334,,0.00
SAMPL6 (I=0.15),SM11,microstate,3.89,-2.86;2.50;3.97,0.080,,0.00
SAMPL6 (I=0.15),SM11,microstate_I0,3.89,-5.80;1.54;3.85,0.040,,0.00
SAMPL6 (I=0.15),SM12,independent,5.28,3.50;4.60;6.52,0.677,,0.12
SAMPL6 (I=0.15),SM12,microstate,5.28,-2.47;4.09;6.65,1.186,,0.15
SAMPL6 (I=0.15),SM12,microstate_I0,5.28,-5.41;3.13;6.53,1.247,,0.12
SAMPL6 (I=0.15),SM13,independent,5.77,4.54;4.96;7.28,0.814,,0.44
SAMPL6 (I=0.15),SM13,microstate,5.77,-1.44;4.45;7.40,1.322,,0.50
SAMPL6 (I=0.15),SM13,microstate_I0,5.77,-4.38;3.48;7.28,1.514,,0.43
SAMPL6 (I=0.15),SM14,independent,2.58;5.30,4.00;5.73,0.924,,0.02
SAMPL6 (I=0.15),SM14,microstate,2.58;5.30,3.79;5.86,0.883,,0.03
SAMPL6 (I=0.15),SM14,microstate_I0,2.58;5.30,2.94;5.74,0.400,,0.02
SAMPL6 (I=0.15),SM15,independent,4.70;8.94,5.18;8.75,0.337,6.96,-0.04
SAMPL6 (I=0.15),SM15,microstate,4.70;8.94,5.30;8.63,0.457,6.96,-0.05
SAMPL6 (I=0.15),SM15,microstate_I0,4.70;8.94,5.18;8.75,0.337,6.96,-0.04
SAMPL6 (I=0.15),SM16,independent,5.37;10.65,4.24;6.25,2.767,,0.07
SAMPL6 (I=0.15),SM16,microstate,5.37;10.65,3.76;6.37,2.944,,0.09
SAMPL6 (I=0.15),SM16,microstate_I0,5.37;10.65,2.81;6.25,3.480,,0.07
SAMPL6 (I=0.15),SM17,independent,3.16,4.48,1.316,,0.00
SAMPL6 (I=0.15),SM17,microstate,3.16,4.60,1.436,,0.00
SAMPL6 (I=0.15),SM17,microstate_I0,3.16,4.48,1.316,,0.00
SAMPL6 (I=0.15),SM18,independent,2.15;9.58;11.02,4.51;5.74;7.10,3.372,,0.36
SAMPL6 (I=0.15),SM18,microstate,2.15;9.58;11.02,1.55;5.63;7.24,2.776,,0.42
SAMPL6 (I=0.15),SM18,microstate_I0,2.15;9.58;11.02,-0.51;4.83;7.12,3.770,,0.35
SAMPL6 (I=0.15),SM19,independent,9.56,4.80;7.49,2.070,,0.55
SAMPL6 (I=0.15),SM19,microstate,9.56,1.79;7.61,1.949,,0.62
SAMPL6 (I=0.15),SM19,microstate_I0,9.56,0.25;7.49,2.069,,0.55
SAMPL6 (I=0.15),SM20,independent,5.70,7.64,1.943,,-0.36
SAMPL6 (I=0.15),SM20,microstate,5.70,7.52,1.824,,-0.43
SAMPL6 (I=0.15),SM20,microstate_I0,5.70,7.64,1.943,,-0.36
SAMPL6 (I=0.15),SM21,independent,4.10,4.09;4.22;6.36;6.74,0.010,,0.26
SAMPL6 (I=0.15),SM21,microstate,4.10,-5.16;0.44;5.93;7.01,1.829,,0.31
SAMPL6 (I=0.15),SM21,microstate_I0,4.10,-9.56;-1.95;5.05;6.89,0.950,,0.24
SAMPL6 (I=0.15),SM22,independent,2.40;7.43,4.49;6.33,1.592,5.41,-0.92
SAMPL6 (I=0.15),SM22,microstate,2.40;7.43,3.82;7.00,0.923,5.41,-0.71
SAMPL6 (I=0.15),SM22,microstate_I0,2.40;7.43,2.74;8.08,0.495,5.41,-0.17
SAMPL6 (I=0.15),SM23,independent,5.45,5.50;5.70;8.02;8.09,0.053,,1.67
SAMPL6 (I=0.15),SM23,microstate,5.45,-3.91;2.05;7.47;8.48,2.022,,1.48
SAMPL6 (I=0.15),SM23,microstate_I0,5.45,-8.31;-0.34;6.59;8.36,1.143,,1.04
SAMPL6 (I=0.15),SM24,independent,2.60,5.52;5.58;6.32,2.924,,0.11
SAMPL6 (I=0.15),SM24,microstate,2.60,-0.35;4.93;6.57,2.329,,0.13
SAMPL6 (I=0.15),SM24,microstate_I0,2.60,-3.28;3.98;6.45,1.377,,0.10
SAMPL7 (I=0.15),SM25,independent,4.49,5.19,0.696,,-0.99
SAMPL7 (I=0.15),SM25,microstate,4.49,5.07,0.576,,-1.00
SAMPL7 (I=0.15),SM25,microstate_I0,4.49,5.19,0.696,,-0.99
SAMPL7 (I=0.15),SM26,independent,4.91,5.48,0.566,,-0.99
SAMPL7 (I=0.15),SM26,microstate,4.91,5.36,0.446,,-0.99
SAMPL7 (I=0.15),SM26,microstate_I0,4.91,5.48,0.566,,-0.99
SAMPL7 (I=0.15),SM27,independent,10.45,8.77,1.678,,-0.04
SAMPL7 (I=0.15),SM27,microstate,10.45,8.65,1.798,,-0.05
SAMPL7 (I=0.15),SM27,microstate_I0,10.45,8.77,1.678,,-0.04
SAMPL7 (I=0.15),SM29,independent,10.05,7.01,3.037,,-0.71
SAMPL7 (I=0.15),SM29,microstate,10.05,6.89,3.157,,-0.76
SAMPL7 (I=0.15),SM29,microstate_I0,10.05,7.01,3.037,,-0.71
SAMPL7 (I=0.15),SM30,independent,10.29,7.16,3.132,,-0.64
SAMPL7 (I=0.15),SM30,microstate,10.29,7.04,3.251,,-0.70
SAMPL7 (I=0.15),SM30,microstate_I0,10.29,7.16,3.132,,-0.64
SAMPL7 (I=0.15),SM31,independent,11.02,7.70,3.316,,-0.33
SAMPL7 (I=0.15),SM31,microstate,11.02,7.58,3.435,,-0.40
SAMPL7 (I=0.15),SM31,microstate_I0,11.02,7.70,3.316,,-0.33
SAMPL7 (I=0.15),SM32,independent,10.45,7.28,3.166,,-0.57
SAMPL7 (I=0.15),SM32,microstate,10.45,7.16,3.285,,-0.63
SAMPL7 (I=0.15),SM32,microstate_I0,10.45,7.28,3.166,,-0.57
SAMPL7 (I=0.15),SM34,independent,11.93,8.06,3.875,,-0.18
SAMPL7 (I=0.15),SM34,microstate,11.93,7.94,3.994,,-0.23
SAMPL7 (I=0.15),SM34,microstate_I0,11.93,8.06,3.875,,-0.18
SAMPL7 (I=0.15),SM35,independent,9.87,7.12,2.748,,-0.65
SAMPL7 (I=0.15),SM35,microstate,9.87,7.00,2.868,,-0.71
SAMPL7 (I=0.15),SM35,microstate_I0,9.87,7.12,2.748,,-0.65
SAMPL7 (I=0.15),SM36,independent,9.80,6.94,2.865,,-0.74
SAMPL7 (I=0.15),SM36,microstate,9.80,6.82,2.984,,-0.79
SAMPL7 (I=0.15),SM36,microstate_I0,9.80,6.94,2.865,,-0.74
SAMPL7 (I=0.15),SM37,independent,10.33,7.84,2.491,,-0.27
SAMPL7 (I=0.15),SM37,microstate,10.33,7.72,2.611,,-0.32
SAMPL7 (I=0.15),SM37,microstate_I0,10.33,7.84,2.491,,-0.27
SAMPL7 (I=0.15),SM38,independent,9.44,7.15,2.292,,-0.64
SAMPL7 (I=0.15),SM38,microstate,9.44,7.03,2.412,,-0.70
SAMPL7 (I=0.15),SM38,microstate_I0,9.44,7.15,2.292,,-0.64
SAMPL7 (I=0.15),SM39,independent,10.22,6.46,3.758,,-0.90
SAMPL7 (I=0.15),SM39,microstate,10.22,6.34,3.877,,-0.92
SAMPL7 (I=0.15),SM39,microstate_I0,10.22,6.46,3.758,,-0.90
SAMPL7 (I=0.15),SM40,independent,9.58,7.76,1.820,,-0.30
SAMPL7 (I=0.15),SM40,microstate,9.58,7.64,1.940,,-0.37
SAMPL7 (I=0.15),SM40,microstate_I0,9.58,7.76,1.820,,-0.30
SAMPL7 (I=0.15),SM41,independent,5.22,1.88;6.91,1.685,4.39,-0.76
SAMPL7 (I=0.15),SM41,microstate,5.22,1.99;6.79,1.574,4.39,-0.80
SAMPL7 (I=0.15),SM41,microstate_I0,5.22,1.78;7.01,1.791,4.39,-0.71
SAMPL7 (I=0.15),SM42,independent,6.62,1.77;5.81,0.813,3.79,-0.98
SAMPL7 (I=0.15),SM42,microstate,6.62,1.82;5.76,0.858,3.79,-0.98
SAMPL7 (I=0.15),SM42,microstate_I0,6.62,1.19;6.39,0.235,3.79,-0.91
SAMPL7 (I=0.15),SM43,independent,5.62,2.38;6.03,0.406,4.20,-0.96
SAMPL7 (I=0.15),SM43,microstate,5.62,2.36;6.05,0.433,4.20,-0.96
SAMPL7 (I=0.15),SM43,microstate_I0,5.62,1.55;6.86,1.240,4.20,-0.78
SAMPL7 (I=0.15),SM44,independent,6.34,6.72,0.378,,-0.83
SAMPL7 (I=0.15),SM44,microstate,6.34,6.60,0.258,,-0.86
SAMPL7 (I=0.15),SM44,microstate_I0,6.34,6.72,0.378,,-0.83
SAMPL7 (I=0.15),SM45,independent,5.93,5.56,0.370,,-0.99
SAMPL7 (I=0.15),SM45,microstate,5.93,5.44,0.490,,-0.99
SAMPL7 (I=0.15),SM45,microstate_I0,5.93,5.56,0.370,,-0.99
SAMPL7 (I=0.15),SM46,independent,6.42,5.78,0.642,,-0.98
SAMPL7 (I=0.15),SM46,microstate,6.42,5.66,0.762,,-0.98
SAMPL7 (I=0.15),SM46,microstate_I0,6.42,5.78,0.642,,-0.98
